threshold,tp,fp,tn,fn,accuracy,macro_f1,weighted_f1,fpr,fnr,mcc,model,window,threshold_q,persistence,threshold_resolved,fa_per_hour,dns_delay_s,dns_detected,gtpu_delay_s,gtpu_detected,dns_sustained,gtpu_sustained
3.123037970453879e-07,3103,26891,105233,1793,0.7906582980586776,0.5289659284006417,0.8549680512524245,0.20352850352698978,0.3662173202614379,0.19314115087525388,lstm,3,0.9,1,3.123037970453879e-07,28.339137141185727,5.746,True,5.538,True,0.9992852037169406,0.4875607663711753
3.123037970453879e-07,3103,26891,105233,1793,0.7906582980586776,0.5289659284006417,0.8549680512524245,0.20352850352698978,0.3662173202614379,0.19314115087525388,lstm,3,0.9,2,3.123037970453879e-07,17.59401350011138,10.884,True,20.552,True,0.9992852037169406,0.4875607663711753
3.123037970453879e-07,3103,26891,105233,1793,0.7906582980586776,0.5289659284006417,0.8549680512524245,0.20352850352698978,0.3662173202614379,0.19314115087525388,lstm,3,0.9,3,3.123037970453879e-07,12.690590032921556,16.022,True,25.662,True,0.9992852037169406,0.4875607663711753
3.123037970453879e-07,3103,26891,105233,1793,0.7906582980586776,0.5289659284006417,0.8549680512524245,0.20352850352698978,0.3662173202614379,0.19314115087525388,lstm,3,0.9,5,3.123037970453879e-07,6.774675882236319,26.295,True,77.706,True,0.9992852037169406,0.4875607663711753
2.0500674509094097e-06,2324,3625,128499,2572,0.9547730258356444,0.7025196605416026,0.956878219365699,0.027436347673397716,0.5253267973856209,0.4073557538913273,lstm,3,0.95,1,2.0500674509094097e-06,8.354373388422879,5.746,True,5.538,True,0.9985704074338814,0.265084358021161
2.0500674509094097e-06,2324,3625,128499,2572,0.9547730258356444,0.7025196605416026,0.956878219365699,0.027436347673397716,0.5253267973856209,0.4073557538913273,lstm,3,0.95,2,2.0500674509094097e-06,2.9367530819709864,10.884,True,10.694,True,0.9985704074338814,0.265084358021161
2.0500674509094097e-06,2324,3625,128499,2572,0.9547730258356444,0.7025196605416026,0.956878219365699,0.027436347673397716,0.5253267973856209,0.4073557538913273,lstm,3,0.95,3,2.0500674509094097e-06,1.277540600640808,16.022,True,15.953,True,0.9985704074338814,0.265084358021161
2.0500674509094097e-06,2324,3625,128499,2572,0.9547730258356444,0.7025196605416026,0.956878219365699,0.027436347673397716,0.5253267973856209,0.4073557538913273,lstm,3,0.95,5,2.0500674509094097e-06,0.5460028293195155,26.295,True,30.806,True,0.9985704074338814,0.265084358021161
2.128445339621976e-05,1889,118,132006,3007,0.9771931104948183,0.7678000793332398,0.9725439373120228,0.0008931004208168085,0.6141748366013072,0.5947496135140184,lstm,3,0.99,1,2.128445339621976e-05,0.46118685583298885,5.746,True,15.418,True,0.997855611150822,0.14097798112668
2.128445339621976e-05,1889,118,132006,3007,0.9771931104948183,0.7678000793332398,0.9725439373120228,0.0008931004208168085,0.6141748366013072,0.5947496135140184,lstm,3,0.99,2,2.128445339621976e-05,0.09011697182943461,10.884,True,20.552,True,0.997855611150822,0.14097798112668
2.128445339621976e-05,1889,118,132006,3007,0.9771931104948183,0.7678000793332398,0.9725439373120228,0.0008931004208168085,0.6141748366013072,0.5947496135140184,lstm,3,0.99,3,2.128445339621976e-05,0.031805990057447504,16.022,True,25.662,True,0.997855611150822,0.14097798112668
2.128445339621976e-05,1889,118,132006,3007,0.9771931104948183,0.7678000793332398,0.9725439373120228,0.0008931004208168085,0.6141748366013072,0.5947496135140184,lstm,3,0.99,5,2.128445339621976e-05,0.010601996685815835,26.295,True,87.205,True,0.997855611150822,0.14097798112668
3.990168625023216e-05,1803,55,132069,3093,0.9770252517880601,0.7610640935819512,0.9719887111816843,0.00041627561987224123,0.6317401960784313,0.5903703274290101,lstm,3,0.995,1,3.990168625023216e-05,0.18553494200177711,5.746,True,15.418,True,0.997855611150822,0.11638547326279668
3.990168625023216e-05,1803,55,132069,3093,0.9770252517880601,0.7610640935819512,0.9719887111816843,0.00041627561987224123,0.6317401960784313,0.5903703274290101,lstm,3,0.995,2,3.990168625023216e-05,0.04240798674326334,10.884,True,20.552,True,0.997855611150822,0.11638547326279668
3.990168625023216e-05,1803,55,132069,3093,0.9770252517880601,0.7610640935819512,0.9719887111816843,0.00041627561987224123,0.6317401960784313,0.5903703274290101,lstm,3,0.995,3,3.990168625023216e-05,0.02120399337163167,16.022,True,25.662,True,0.997855611150822,0.11638547326279668
3.990168625023216e-05,1803,55,132069,3093,0.9770252517880601,0.7610640935819512,0.9719887111816843,0.00041627561987224123,0.6317401960784313,0.5903703274290101,lstm,3,0.995,5,3.990168625023216e-05,0.010601996685815835,26.295,True,87.205,True,0.997855611150822,0.11638547326279668
0.0001121585155487,1671,28,132096,3225,0.976258940300686,0.7472921437468718,0.9706464668593786,0.000211922133753141,0.6587009803921569,0.5721337453788536,lstm,3,0.999,1,0.0001121585155487,0.07421397680071085,10.884,True,15.418,True,0.993566833452466,0.08035458964826994
0.0001121585155487,1671,28,132096,3225,0.976258940300686,0.7472921437468718,0.9706464668593786,0.000211922133753141,0.6587009803921569,0.5721337453788536,lstm,3,0.999,2,0.0001121585155487,0.02120399337163167,16.022,True,71.829,True,0.993566833452466,0.08035458964826994
0.0001121585155487,1671,28,132096,3225,0.976258940300686,0.7472921437468718,0.9706464668593786,0.000211922133753141,0.6587009803921569,0.5721337453788536,lstm,3,0.999,3,0.0001121585155487,0.015902995028723752,21.162,True,76.949,True,0.993566833452466,0.08035458964826994
0.0001121585155487,1671,28,132096,3225,0.976258940300686,0.7472921437468718,0.9706464668593786,0.000211922133753141,0.6587009803921569,0.5721337453788536,lstm,3,0.999,5,0.0001121585155487,0.005300998342907918,31.439,True,87.205,True,0.993566833452466,0.08035458964826994
0.954282522201538,146,1,132123,4750,0.9653262297474822,0.5201200677124715,0.9493061348559156,7.5686476340407495e-06,0.9701797385620915,0.1690422269942955,lstm,3,0.9999,1,0.954282522201538,0.0,41.678,True,,False,0.1043602573266619,0.0
0.954282522201538,146,1,132123,4750,0.9653262297474822,0.5201200677124715,0.9493061348559156,7.5686476340407495e-06,0.9701797385620915,0.1690422269942955,lstm,3,0.9999,2,0.954282522201538,0.0,46.786,True,,False,0.1043602573266619,0.0
0.954282522201538,146,1,132123,4750,0.9653262297474822,0.5201200677124715,0.9493061348559156,7.5686476340407495e-06,0.9701797385620915,0.1690422269942955,lstm,3,0.9999,3,0.954282522201538,0.005300998342907918,51.92,True,,False,0.1043602573266619,0.0
0.954282522201538,146,1,132123,4750,0.9653262297474822,0.5201200677124715,0.9493061348559156,7.5686476340407495e-06,0.9701797385620915,0.1690422269942955,lstm,3,0.9999,5,0.954282522201538,0.0,113.47,True,,False,0.1043602573266619,0.0
0.5,344,1,132123,4552,0.9667712742665304,0.5571671754137807,0.9526255586830242,7.5686476340407495e-06,0.9297385620915033,0.2602122395860528,lstm,3,default,1,0.5,0.0,21.162,True,,False,0.24588992137240887,0.0
0.5,344,1,132123,4552,0.9667712742665304,0.5571671754137807,0.9526255586830242,7.5686476340407495e-06,0.9297385620915033,0.2602122395860528,lstm,3,default,2,0.5,0.0,46.786,True,,False,0.24588992137240887,0.0
0.5,344,1,132123,4552,0.9667712742665304,0.5571671754137807,0.9526255586830242,7.5686476340407495e-06,0.9297385620915033,0.2602122395860528,lstm,3,default,3,0.5,0.0,51.92,True,,False,0.24588992137240887,0.0
0.5,344,1,132123,4552,0.9667712742665304,0.5571671754137807,0.9526255586830242,7.5686476340407495e-06,0.9297385620915033,0.2602122395860528,lstm,3,default,5,0.5,0.0,103.2,True,,False,0.24588992137240887,0.0
5.813867574033793e-06,1923,19563,112557,2973,0.8355228586442459,0.5273909100789633,0.8817284466795517,0.14806993642143507,0.6072303921568627,0.12491459979382011,lstm,5,0.9,1,5.813867574033793e-06,3.594185688991614,10.884,True,1214.727,True,0.9985704074338814,0.1504146411209608
5.813867574033793e-06,1923,19563,112557,2973,0.8355228586442459,0.5273909100789633,0.8817284466795517,0.14806993642143507,0.6072303921568627,0.12491459979382011,lstm,5,0.9,2,5.813867574033793e-06,2.518050445827458,16.022,True,1219.83,True,0.9985704074338814,0.1504146411209608
5.813867574033793e-06,1923,19563,112557,2973,0.8355228586442459,0.5273909100789633,0.8817284466795517,0.14806993642143507,0.6072303921568627,0.12491459979382011,lstm,5,0.9,3,5.813867574033793e-06,2.078054262661818,21.162,True,1224.945,True,0.9985704074338814,0.1504146411209608
5.813867574033793e-06,1923,19563,112557,2973,0.8355228586442459,0.5273909100789633,0.8817284466795517,0.14806993642143507,0.6072303921568627,0.12491459979382011,lstm,5,0.9,5,5.813867574033793e-06,1.5214325851631167,31.439,True,1235.188,True,0.9985704074338814,0.1504146411209608
6.508263140858617e-06,1813,18647,113473,3083,0.8414053833128977,0.5278104245669543,0.8851165774551318,0.14113684529215864,0.6296977124183006,0.11935317664247101,lstm,5,0.95,1,6.508263140858617e-06,3.705510024491354,10.884,True,46.182,True,0.9985704074338814,0.11895910780669144
6.508263140858617e-06,1813,18647,113473,3083,0.8414053833128977,0.5278104245669543,0.8851165774551318,0.14113684529215864,0.6296977124183006,0.11935317664247101,lstm,5,0.95,2,6.508263140858617e-06,2.5975678283272727,16.022,True,51.313,True,0.9985704074338814,0.11895910780669144
6.508263140858617e-06,1813,18647,113473,3083,0.8414053833128977,0.5278104245669543,0.8851165774551318,0.14113684529215864,0.6296977124183006,0.11935317664247101,lstm,5,0.95,3,6.508263140858617e-06,2.104560056828423,21.162,True,56.454,True,0.9985704074338814,0.11895910780669144
6.508263140858617e-06,1813,18647,113473,3083,0.8414053833128977,0.5278104245669543,0.8851165774551318,0.14113684529215864,0.6296977124183006,0.11935317664247101,lstm,5,0.95,5,6.508263140858617e-06,1.5373360616630798,31.439,True,66.699,True,0.9985704074338814,0.11895910780669144
2.5220402676495723e-05,1395,90,132030,3501,0.9737913820283762,0.7119094087531908,0.966953402843306,0.0006811989100817438,0.7150735294117647,0.5095838879131241,lstm,5,0.99,1,2.5220402676495723e-05,0.22264867099948052,16.022,True,,False,0.9971408148677627,0.0
2.5220402676495723e-05,1395,90,132030,3501,0.9737913820283762,0.7119094087531908,0.966953402843306,0.0006811989100817438,0.7150735294117647,0.5095838879131241,lstm,5,0.99,2,2.5220402676495723e-05,0.09542085899977737,21.162,True,,False,0.9971408148677627,0.0
2.5220402676495723e-05,1395,90,132030,3501,0.9737913820283762,0.7119094087531908,0.966953402843306,0.0006811989100817438,0.7150735294117647,0.5095838879131241,lstm,5,0.99,3,2.5220402676495723e-05,0.058312747166530614,26.295,True,,False,0.9971408148677627,0.0
2.5220402676495723e-05,1395,90,132030,3501,0.9737913820283762,0.7119094087531908,0.966953402843306,0.0006811989100817438,0.7150735294117647,0.5095838879131241,lstm,5,0.99,5,2.5220402676495723e-05,0.015903476499962894,36.564,True,,False,0.9971408148677627,0.0
4.84770534967538e-05,1395,26,132094,3501,0.9742584807613709,0.7142454447813675,0.9673453039196925,0.0001967907962458371,0.7150735294117647,0.5216976135686302,lstm,5,0.995,1,4.84770534967538e-05,0.04240927066656772,16.022,True,,False,0.9971408148677627,0.0
4.84770534967538e-05,1395,26,132094,3501,0.9742584807613709,0.7142454447813675,0.9673453039196925,0.0001967907962458371,0.7150735294117647,0.5216976135686302,lstm,5,0.995,2,4.84770534967538e-05,0.02120463533328386,21.162,True,,False,0.9971408148677627,0.0
4.84770534967538e-05,1395,26,132094,3501,0.9742584807613709,0.7142454447813675,0.9673453039196925,0.0001967907962458371,0.7150735294117647,0.5216976135686302,lstm,5,0.995,3,4.84770534967538e-05,0.015903476499962894,26.295,True,,False,0.9971408148677627,0.0
4.84770534967538e-05,1395,26,132094,3501,0.9742584807613709,0.7142454447813675,0.9673453039196925,0.0001967907962458371,0.7150735294117647,0.5216976135686302,lstm,5,0.995,5,4.84770534967538e-05,0.005301158833320965,36.564,True,,False,0.9971408148677627,0.0
8.784491365076974e-05,1395,22,132098,3501,0.9742876744321831,0.7143929362133423,0.9673699005917712,0.00016651528913109296,0.7150735294117647,0.5224812799479597,lstm,5,0.999,1,8.784491365076974e-05,0.037108111833246755,16.022,True,,False,0.9971408148677627,0.0
8.784491365076974e-05,1395,22,132098,3501,0.9742876744321831,0.7143929362133423,0.9673699005917712,0.00016651528913109296,0.7150735294117647,0.5224812799479597,lstm,5,0.999,2,8.784491365076974e-05,0.02120463533328386,21.162,True,,False,0.9971408148677627,0.0
8.784491365076974e-05,1395,22,132098,3501,0.9742876744321831,0.7143929362133423,0.9673699005917712,0.00016651528913109296,0.7150735294117647,0.5224812799479597,lstm,5,0.999,3,8.784491365076974e-05,0.01060231766664193,26.295,True,,False,0.9971408148677627,0.0
8.784491365076974e-05,1395,22,132098,3501,0.9742876744321831,0.7143929362133423,0.9673699005917712,0.00016651528913109296,0.7150735294117647,0.5224812799479597,lstm,5,0.999,5,8.784491365076974e-05,0.005301158833320965,36.564,True,,False,0.9971408148677627,0.0
0.9583457112312316,52,1,132119,4844,0.9646391662287616,0.5015043747732353,0.9476556518381938,7.568876778686043e-06,0.9893790849673203,0.10018847157257325,lstm,5,0.9999,1,0.9583457112312316,0.005301158833320965,103.2,True,,False,0.03716940671908506,0.0
0.9583457112312316,52,1,132119,4844,0.9646391662287616,0.5015043747732353,0.9476556518381938,7.568876778686043e-06,0.9893790849673203,0.10018847157257325,lstm,5,0.9999,2,0.9583457112312316,0.0,108.336,True,,False,0.03716940671908506,0.0
0.9583457112312316,52,1,132119,4844,0.9646391662287616,0.5015043747732353,0.9476556518381938,7.568876778686043e-06,0.9893790849673203,0.10018847157257325,lstm,5,0.9999,3,0.9583457112312316,0.0,113.47,True,,False,0.03716940671908506,0.0
0.9583457112312316,52,1,132119,4844,0.9646391662287616,0.5015043747732353,0.9476556518381938,7.568876778686043e-06,0.9893790849673203,0.10018847157257325,lstm,5,0.9999,5,0.9583457112312316,0.0,123.7,True,,False,0.03716940671908506,0.0
0.5,318,2,132118,4578,0.9665732469200677,0.5524474195043166,0.9521950998316423,1.5137753557372086e-05,0.9350490196078431,0.2497103683153487,lstm,5,default,1,0.5,0.0,31.439,True,,False,0.22730521801286632,0.0
0.5,318,2,132118,4578,0.9665732469200677,0.5524474195043166,0.9521950998316423,1.5137753557372086e-05,0.9350490196078431,0.2497103683153487,lstm,5,default,2,0.5,0.0,36.564,True,,False,0.22730521801286632,0.0
0.5,318,2,132118,4578,0.9665732469200677,0.5524474195043166,0.9521950998316423,1.5137753557372086e-05,0.9350490196078431,0.2497103683153487,lstm,5,default,3,0.5,0.005301158833320965,41.678,True,,False,0.22730521801286632,0.0
0.5,318,2,132118,4578,0.9665732469200677,0.5524474195043166,0.9521950998316423,1.5137753557372086e-05,0.9350490196078431,0.2497103683153487,lstm,5,default,5,0.5,0.0,51.92,True,,False,0.22730521801286632,0.0
6.091652267059544e-07,1469,18653,113463,3427,0.838846232446793,0.5143814421857992,0.8829584250331269,0.14118653304671652,0.6999591503267973,0.0833054053076701,lstm,7,0.9,1,6.091652267059544e-07,21.348412955811852,,False,10.284,True,1.0,0.020017157563625966
6.091652267059544e-07,1469,18653,113463,3427,0.838846232446793,0.5143814421857992,0.8829584250331269,0.14118653304671652,0.6999591503267973,0.0833054053076701,lstm,7,0.9,2,6.091652267059544e-07,6.8015927048191225,,False,15.418,True,1.0,0.020017157563625966
6.091652267059544e-07,1469,18653,113463,3427,0.838846232446793,0.5143814421857992,0.8829584250331269,0.14118653304671652,0.6999591503267973,0.0833054053076701,lstm,7,0.9,3,6.091652267059544e-07,4.0608106094243555,,False,2130.843,True,1.0,0.020017157563625966
6.091652267059544e-07,1469,18653,113463,3427,0.838846232446793,0.5143814421857992,0.8829584250331269,0.14118653304671652,0.6999591503267973,0.0833054053076701,lstm,7,0.9,5,6.091652267059544e-07,2.0516105820459862,,False,2233.783,True,1.0,0.020017157563625966
2.6046918719657697e-06,1403,5795,126321,3493,0.9322103173444661,0.5982780099770899,0.9383640515665935,0.04386296890611281,0.7134395424836601,0.20192821575088726,lstm,7,0.95,1,2.6046918719657697e-06,1.8819683633755173,5.746,True,10.284,True,0.9992852037169406,0.0014297969688304261
2.6046918719657697e-06,1403,5795,126321,3493,0.9322103173444661,0.5982780099770899,0.9383640515665935,0.04386296890611281,0.7134395424836601,0.20192821575088726,lstm,7,0.95,2,2.6046918719657697e-06,1.346535110696849,10.884,True,2244.059,True,0.9992852037169406,0.0014297969688304261
2.6046918719657697e-06,1403,5795,126321,3493,0.9322103173444661,0.5982780099770899,0.9383640515665935,0.04386296890611281,0.7134395424836601,0.20192821575088726,lstm,7,0.95,3,2.6046918719657697e-06,1.1026744213580495,16.022,True,,False,0.9992852037169406,0.0014297969688304261
2.6046918719657697e-06,1403,5795,126321,3493,0.9322103173444661,0.5982780099770899,0.9383640515665935,0.04386296890611281,0.7134395424836601,0.20192821575088726,lstm,7,0.95,5,2.6046918719657697e-06,0.8323071353519893,26.295,True,,False,0.9992852037169406,0.0014297969688304261
2.8017655495204963e-05,1388,26,132090,3508,0.9742066388345546,0.7133679770640586,0.9672576998719918,0.00019679675436737413,0.7165032679738562,0.5203475826427053,lstm,7,0.99,1,2.8017655495204963e-05,0.03180791600071297,5.746,True,,False,0.9921372408863474,0.0
2.8017655495204963e-05,1388,26,132090,3508,0.9742066388345546,0.7133679770640586,0.9672576998719918,0.00019679675436737413,0.7165032679738562,0.5203475826427053,lstm,7,0.99,2,2.8017655495204963e-05,0.021205277333808645,10.884,True,,False,0.9921372408863474,0.0
2.8017655495204963e-05,1388,26,132090,3508,0.9742066388345546,0.7133679770640586,0.9672576998719918,0.00019679675436737413,0.7165032679738562,0.5203475826427053,lstm,7,0.99,3,2.8017655495204963e-05,0.015903958000356485,16.022,True,,False,0.9921372408863474,0.0
2.8017655495204963e-05,1388,26,132090,3508,0.9742066388345546,0.7133679770640586,0.9672576998719918,0.00019679675436737413,0.7165032679738562,0.5203475826427053,lstm,7,0.99,5,2.8017655495204963e-05,0.005301319333452161,26.295,True,,False,0.9921372408863474,0.0
5.5897762649692595e-05,1382,22,132094,3514,0.9741920415730009,0.7127612634950042,0.9672078604951476,0.00016652033061854735,0.7177287581699346,0.5199751133627052,lstm,7,0.995,1,5.5897762649692595e-05,0.021205277333808645,4.766,True,,False,0.9878484631879915,0.0
5.5897762649692595e-05,1382,22,132094,3514,0.9741920415730009,0.7127612634950042,0.9672078604951476,0.00016652033061854735,0.7177287581699346,0.5199751133627052,lstm,7,0.995,2,5.5897762649692595e-05,0.015903958000356485,9.908,True,,False,0.9878484631879915,0.0
5.5897762649692595e-05,1382,22,132094,3514,0.9741920415730009,0.7127612634950042,0.9672078604951476,0.00016652033061854735,0.7177287581699346,0.5199751133627052,lstm,7,0.995,3,5.5897762649692595e-05,0.015903958000356485,15.066,True,,False,0.9878484631879915,0.0
5.5897762649692595e-05,1382,22,132094,3514,0.9741920415730009,0.7127612634950042,0.9672078604951476,0.00016652033061854735,0.7177287581699346,0.5199751133627052,lstm,7,0.995,5,5.5897762649692595e-05,0.005301319333452161,25.363,True,,False,0.9878484631879915,0.0
8.379230712307617e-05,1380,22,132094,3516,0.9741774443114471,0.7125096783576622,0.9671830353403919,0.00016652033061854735,0.7181372549019608,0.5195885530351377,lstm,7,0.999,1,8.379230712307617e-05,0.021205277333808645,4.766,True,,False,0.9864188706218727,0.0
8.379230712307617e-05,1380,22,132094,3516,0.9741774443114471,0.7125096783576622,0.9671830353403919,0.00016652033061854735,0.7181372549019608,0.5195885530351377,lstm,7,0.999,2,8.379230712307617e-05,0.015903958000356485,9.908,True,,False,0.9864188706218727,0.0
8.379230712307617e-05,1380,22,132094,3516,0.9741774443114471,0.7125096783576622,0.9671830353403919,0.00016652033061854735,0.7181372549019608,0.5195885530351377,lstm,7,0.999,3,8.379230712307617e-05,0.015903958000356485,15.066,True,,False,0.9864188706218727,0.0
8.379230712307617e-05,1380,22,132094,3516,0.9741774443114471,0.7125096783576622,0.9671830353403919,0.00016652033061854735,0.7181372549019608,0.5195885530351377,lstm,7,0.999,5,8.379230712307617e-05,0.005301319333452161,25.363,True,,False,0.9864188706218727,0.0
0.9153558611869812,101,1,132115,4795,0.9649957667941494,0.5112944466331134,0.948519907197046,7.569105937206697e-06,0.9793709150326797,0.14034641650599491,lstm,7,0.9999,1,0.9153558611869812,0.005301319333452161,16.022,True,,False,0.07219442458899214,0.0
0.9153558611869812,101,1,132115,4795,0.9649957667941494,0.5112944466331134,0.948519907197046,7.569105937206697e-06,0.9793709150326797,0.14034641650599491,lstm,7,0.9999,2,0.9153558611869812,0.0,113.47,True,,False,0.07219442458899214,0.0
0.9153558611869812,101,1,132115,4795,0.9649957667941494,0.5112944466331134,0.948519907197046,7.569105937206697e-06,0.9793709150326797,0.14034641650599491,lstm,7,0.9999,3,0.9153558611869812,0.0,118.595,True,,False,0.07219442458899214,0.0
0.9153558611869812,101,1,132115,4795,0.9649957667941494,0.5112944466331134,0.948519907197046,7.569105937206697e-06,0.9793709150326797,0.14034641650599491,lstm,7,0.9999,5,0.9153558611869812,0.0,128.83,True,,False,0.07219442458899214,0.0
0.5,906,3,132113,3990,0.970856567307973,0.6486288071532583,0.9610650007014898,2.270731781162009e-05,0.8149509803921569,0.4230737843110623,lstm,7,default,1,0.5,0.005301319333452161,16.022,True,,False,0.6476054324517513,0.0
0.5,906,3,132113,3990,0.970856567307973,0.6486288071532583,0.9610650007014898,2.270731781162009e-05,0.8149509803921569,0.4230737843110623,lstm,7,default,2,0.5,0.005301319333452161,21.162,True,,False,0.6476054324517513,0.0
0.5,906,3,132113,3990,0.970856567307973,0.6486288071532583,0.9610650007014898,2.270731781162009e-05,0.8149509803921569,0.4230737843110623,lstm,7,default,3,0.5,0.005301319333452161,30.544,True,,False,0.6476054324517513,0.0
0.5,906,3,132113,3990,0.970856567307973,0.6486288071532583,0.9610650007014898,2.270731781162009e-05,0.8149509803921569,0.4230737843110623,lstm,7,default,5,0.5,0.0,40.828,True,,False,0.6476054324517513,0.0
4.3717308419177765e-14,1296,10526,121598,3600,0.896905561231937,0.5500731345515829,0.9168733205974349,0.07966758499591294,0.7352941176470589,0.12232888343519313,tcn,3,0.9,1,4.3717308419177765e-14,5.173774382678128,,False,10.284,True,0.5017869907076483,0.16985987989705462
4.3717308419177765e-14,1296,10526,121598,3600,0.896905561231937,0.5500731345515829,0.9168733205974349,0.07966758499591294,0.7352941176470589,0.12232888343519313,tcn,3,0.9,2,4.3717308419177765e-14,4.187788690897255,,False,46.182,True,0.5017869907076483,0.16985987989705462
4.3717308419177765e-14,1296,10526,121598,3600,0.896905561231937,0.5500731345515829,0.9168733205974349,0.07966758499591294,0.7352941176470589,0.12232888343519313,tcn,3,0.9,3,4.3717308419177765e-14,3.6470868599206474,,False,51.313,True,0.5017869907076483,0.16985987989705462
4.3717308419177765e-14,1296,10526,121598,3600,0.896905561231937,0.5500731345515829,0.9168733205974349,0.07966758499591294,0.7352941176470589,0.12232888343519313,tcn,3,0.9,5,4.3717308419177765e-14,2.926151085285171,,False,61.561,True,0.5017869907076483,0.16985987989705462
1.6826856748253238e-12,828,3861,128263,4068,0.9421325353962925,0.5713937681917005,0.9415303230934609,0.029222548515031335,0.8308823529411765,0.1428377979142195,tcn,3,0.95,1,1.6826856748253238e-12,9.44637904706191,,False,5.055,True,0.5017869907076483,0.036030883614526735
1.6826856748253238e-12,828,3861,128263,4068,0.9421325353962925,0.5713937681917005,0.9415303230934609,0.029222548515031335,0.8308823529411765,0.1428377979142195,tcn,3,0.95,2,1.6826856748253238e-12,2.2688272907645888,,False,97.443,True,0.5017869907076483,0.036030883614526735
1.6826856748253238e-12,828,3861,128263,4068,0.9421325353962925,0.5713937681917005,0.9415303230934609,0.029222548515031335,0.8308823529411765,0.1428377979142195,tcn,3,0.95,3,1.6826856748253238e-12,0.842858736522359,,False,727.748,True,0.5017869907076483,0.036030883614526735
1.6826856748253238e-12,828,3861,128263,4068,0.9421325353962925,0.5713937681917005,0.9415303230934609,0.029222548515031335,0.8308823529411765,0.1428377979142195,tcn,3,0.95,5,1.6826856748253238e-12,0.15902995028723754,,False,1086.606,True,0.5017869907076483,0.036030883614526735
2.1273592665238542e-08,701,12,132112,4195,0.9692964530725442,0.6171414361633922,0.9580868554305585,9.0823771608489e-05,0.8568218954248366,0.3691549932179691,tcn,3,0.99,1,2.1273592665238542e-08,0.02120399337163167,5.746,True,,False,0.501072194424589,0.0
2.1273592665238542e-08,701,12,132112,4195,0.9692964530725442,0.6171414361633922,0.9580868554305585,9.0823771608489e-05,0.8568218954248366,0.3691549932179691,tcn,3,0.99,2,2.1273592665238542e-08,0.010601996685815835,10.884,True,,False,0.501072194424589,0.0
2.1273592665238542e-08,701,12,132112,4195,0.9692964530725442,0.6171414361633922,0.9580868554305585,9.0823771608489e-05,0.8568218954248366,0.3691549932179691,tcn,3,0.99,3,2.1273592665238542e-08,0.010601996685815835,16.022,True,,False,0.501072194424589,0.0
2.1273592665238542e-08,701,12,132112,4195,0.9692964530725442,0.6171414361633922,0.9580868554305585,9.0823771608489e-05,0.8568218954248366,0.3691549932179691,tcn,3,0.99,5,2.1273592665238542e-08,0.0,26.295,True,,False,0.501072194424589,0.0
1.4523263303090064e-07,701,7,132117,4195,0.9693329440957524,0.6172624029287306,0.9581130665587138,5.298053343828525e-05,0.8568218954248366,0.3705473941742018,tcn,3,0.995,1,1.4523263303090064e-07,0.010601996685815835,5.746,True,,False,0.501072194424589,0.0
1.4523263303090064e-07,701,7,132117,4195,0.9693329440957524,0.6172624029287306,0.9581130665587138,5.298053343828525e-05,0.8568218954248366,0.3705473941742018,tcn,3,0.995,2,1.4523263303090064e-07,0.005300998342907918,10.884,True,,False,0.501072194424589,0.0
1.4523263303090064e-07,701,7,132117,4195,0.9693329440957524,0.6172624029287306,0.9581130665587138,5.298053343828525e-05,0.8568218954248366,0.3705473941742018,tcn,3,0.995,3,1.4523263303090064e-07,0.005300998342907918,16.022,True,,False,0.501072194424589,0.0
1.4523263303090064e-07,701,7,132117,4195,0.9693329440957524,0.6172624029287306,0.9581130665587138,5.298053343828525e-05,0.8568218954248366,0.3705473941742018,tcn,3,0.995,5,1.4523263303090064e-07,0.0,26.295,True,,False,0.501072194424589,0.0
7.823460350664391e-07,701,6,132118,4195,0.9693402423003941,0.6172866201212039,0.9581183104094771,4.54118858042445e-05,0.8568218954248366,0.37082760640355894,tcn,3,0.999,1,7.823460350664391e-07,0.010601996685815835,5.746,True,,False,0.501072194424589,0.0
7.823460350664391e-07,701,6,132118,4195,0.9693402423003941,0.6172866201212039,0.9581183104094771,4.54118858042445e-05,0.8568218954248366,0.37082760640355894,tcn,3,0.999,2,7.823460350664391e-07,0.005300998342907918,10.884,True,,False,0.501072194424589,0.0
7.823460350664391e-07,701,6,132118,4195,0.9693402423003941,0.6172866201212039,0.9581183104094771,4.54118858042445e-05,0.8568218954248366,0.37082760640355894,tcn,3,0.999,3,7.823460350664391e-07,0.005300998342907918,16.022,True,,False,0.501072194424589,0.0
7.823460350664391e-07,701,6,132118,4195,0.9693402423003941,0.6172866201212039,0.9581183104094771,4.54118858042445e-05,0.8568218954248366,0.37082760640355894,tcn,3,0.999,5,7.823460350664391e-07,0.0,26.295,True,,False,0.501072194424589,0.0
0.9562104940414428,339,1,132123,4557,0.9667347832433222,0.55626578299604,0.952544162491739,7.5686476340407495e-06,0.9307598039215687,0.25830358355532845,tcn,3,0.9999,1,0.9562104940414428,0.0,16.022,True,,False,0.24231593995711223,0.0
0.9562104940414428,339,1,132123,4557,0.9667347832433222,0.55626578299604,0.952544162491739,7.5686476340407495e-06,0.9307598039215687,0.25830358355532845,tcn,3,0.9999,2,0.9562104940414428,0.0,21.162,True,,False,0.24231593995711223,0.0
0.9562104940414428,339,1,132123,4557,0.9667347832433222,0.55626578299604,0.952544162491739,7.5686476340407495e-06,0.9307598039215687,0.25830358355532845,tcn,3,0.9999,3,0.9562104940414428,0.005300998342907918,41.678,True,,False,0.24231593995711223,0.0
0.9562104940414428,339,1,132123,4557,0.9667347832433222,0.55626578299604,0.952544162491739,7.5686476340407495e-06,0.9307598039215687,0.25830358355532845,tcn,3,0.9999,5,0.9562104940414428,0.0,51.92,True,,False,0.24231593995711223,0.0
0.5,522,2,132122,4374,0.968063056488104,0.5881646276815683,0.9554421147651392,1.5137295268081499e-05,0.8933823529411765,0.3205925197407974,tcn,3,default,1,0.5,0.005300998342907918,16.022,True,,False,0.37312365975696926,0.0
0.5,522,2,132122,4374,0.968063056488104,0.5881646276815683,0.9554421147651392,1.5137295268081499e-05,0.8933823529411765,0.3205925197407974,tcn,3,default,2,0.5,0.0,21.162,True,,False,0.37312365975696926,0.0
0.5,522,2,132122,4374,0.968063056488104,0.5881646276815683,0.9554421147651392,1.5137295268081499e-05,0.8933823529411765,0.3205925197407974,tcn,3,default,3,0.5,0.005300998342907918,41.678,True,,False,0.37312365975696926,0.0
0.5,522,2,132122,4374,0.968063056488104,0.5881646276815683,0.9554421147651392,1.5137295268081499e-05,0.8933823529411765,0.3205925197407974,tcn,3,default,5,0.5,0.0,51.92,True,,False,0.37312365975696926,0.0
7.744934691679157e-15,1149,6424,125696,3747,0.92576779354236,0.5727057937127644,0.933356470696718,0.04862246442627914,0.7653186274509803,0.151140965366721,tcn,5,0.9,1,7.744934691679157e-15,9.377749976144786,,False,5.055,True,0.5017869907076483,0.1278238490134401
7.744934691679157e-15,1149,6424,125696,3747,0.92576779354236,0.5727057937127644,0.933356470696718,0.04862246442627914,0.7653186274509803,0.151140965366721,tcn,5,0.9,2,7.744934691679157e-15,5.545012139653729,,False,10.284,True,0.5017869907076483,0.1278238490134401
7.744934691679157e-15,1149,6424,125696,3747,0.92576779354236,0.5727057937127644,0.933356470696718,0.04862246442627914,0.7653186274509803,0.151140965366721,tcn,5,0.9,3,7.744934691679157e-15,4.23032474899013,,False,15.418,True,0.5017869907076483,0.1278238490134401
7.744934691679157e-15,1149,6424,125696,3747,0.92576779354236,0.5727057937127644,0.933356470696718,0.04862246442627914,0.7653186274509803,0.151140965366721,tcn,5,0.9,5,7.744934691679157e-15,2.056849627328534,,False,25.662,True,0.5017869907076483,0.1278238490134401
5.691050929124142e-12,713,494,131626,4183,0.9658653004028727,0.6080997310588409,0.9557838173927047,0.003739025128670905,0.8543709150326797,0.2818636348504216,tcn,5,0.95,1,5.691050929124142e-12,1.182158419830575,5.746,True,517.696,True,0.501072194424589,0.0034315127251930227
5.691050929124142e-12,713,494,131626,4183,0.9658653004028727,0.6080997310588409,0.9557838173927047,0.003739025128670905,0.8543709150326797,0.2818636348504216,tcn,5,0.95,2,5.691050929124142e-12,0.44529734199896104,10.884,True,522.833,True,0.501072194424589,0.0034315127251930227
5.691050929124142e-12,713,494,131626,4183,0.9658653004028727,0.6080997310588409,0.9557838173927047,0.003739025128670905,0.8543709150326797,0.2818636348504216,tcn,5,0.95,3,5.691050929124142e-12,0.3551776418325046,16.022,True,527.965,True,0.501072194424589,0.0034315127251930227
5.691050929124142e-12,713,494,131626,4183,0.9658653004028727,0.6080997310588409,0.9557838173927047,0.003739025128670905,0.8543709150326797,0.2818636348504216,tcn,5,0.95,5,5.691050929124142e-12,0.14313128849966605,26.295,True,,False,0.501072194424589,0.0034315127251930227
8.747330184633029e-07,701,5,132115,4195,0.9693466456472237,0.617310612120729,0.958122339405301,3.7844383893430214e-05,0.8568218954248366,0.3711082250778454,tcn,5,0.99,1,8.747330184633029e-07,0.005301158833320965,5.746,True,,False,0.501072194424589,0.0
8.747330184633029e-07,701,5,132115,4195,0.9693466456472237,0.617310612120729,0.958122339405301,3.7844383893430214e-05,0.8568218954248366,0.3711082250778454,tcn,5,0.99,2,8.747330184633029e-07,0.005301158833320965,10.884,True,,False,0.501072194424589,0.0
8.747330184633029e-07,701,5,132115,4195,0.9693466456472237,0.617310612120729,0.958122339405301,3.7844383893430214e-05,0.8568218954248366,0.3711082250778454,tcn,5,0.99,3,8.747330184633029e-07,0.005301158833320965,16.022,True,,False,0.501072194424589,0.0
8.747330184633029e-07,701,5,132115,4195,0.9693466456472237,0.617310612120729,0.958122339405301,3.7844383893430214e-05,0.8568218954248366,0.3711082250778454,tcn,5,0.99,5,8.747330184633029e-07,0.0,26.295,True,,False,0.501072194424589,0.0
6.335600573947886e-06,700,4,132116,4196,0.9693466456472237,0.6171767896525004,0.9581128838805448,3.0275507114744173e-05,0.8570261437908496,0.3711216320934142,tcn,5,0.995,1,6.335600573947886e-06,0.005301158833320965,10.884,True,,False,0.5003573981415297,0.0
6.335600573947886e-06,700,4,132116,4196,0.9693466456472237,0.6171767896525004,0.9581128838805448,3.0275507114744173e-05,0.8570261437908496,0.3711216320934142,tcn,5,0.995,2,6.335600573947886e-06,0.005301158833320965,16.022,True,,False,0.5003573981415297,0.0
6.335600573947886e-06,700,4,132116,4196,0.9693466456472237,0.6171767896525004,0.9581128838805448,3.0275507114744173e-05,0.8570261437908496,0.3711216320934142,tcn,5,0.995,3,6.335600573947886e-06,0.005301158833320965,21.162,True,,False,0.5003573981415297,0.0
6.335600573947886e-06,700,4,132116,4196,0.9693466456472237,0.6171767896525004,0.9581128838805448,3.0275507114744173e-05,0.8570261437908496,0.3711216320934142,tcn,5,0.995,5,6.335600573947886e-06,0.0,31.439,True,,False,0.5003573981415297,0.0
5.523825893760659e-05,700,4,132116,4196,0.9693466456472237,0.6171767896525004,0.9581128838805448,3.0275507114744173e-05,0.8570261437908496,0.3711216320934142,tcn,5,0.999,1,5.523825893760659e-05,0.005301158833320965,10.884,True,,False,0.5003573981415297,0.0
5.523825893760659e-05,700,4,132116,4196,0.9693466456472237,0.6171767896525004,0.9581128838805448,3.0275507114744173e-05,0.8570261437908496,0.3711216320934142,tcn,5,0.999,2,5.523825893760659e-05,0.005301158833320965,16.022,True,,False,0.5003573981415297,0.0
5.523825893760659e-05,700,4,132116,4196,0.9693466456472237,0.6171767896525004,0.9581128838805448,3.0275507114744173e-05,0.8570261437908496,0.3711216320934142,tcn,5,0.999,3,5.523825893760659e-05,0.005301158833320965,21.162,True,,False,0.5003573981415297,0.0
5.523825893760659e-05,700,4,132116,4196,0.9693466456472237,0.6171767896525004,0.9581128838805448,3.0275507114744173e-05,0.8570261437908496,0.3711216320934142,tcn,5,0.999,5,5.523825893760659e-05,0.0,31.439,True,,False,0.5003573981415297,0.0
0.9345119595527648,219,0,132120,4677,0.9658653004028727,0.5341192575668209,0.9505562713405895,0.0,0.9552696078431373,0.20784871731904872,tcn,5,0.9999,1,0.9345119595527648,0.0,36.564,True,,False,0.15654038598999284,0.0
0.9345119595527648,219,0,132120,4677,0.9658653004028727,0.5341192575668209,0.9505562713405895,0.0,0.9552696078431373,0.20784871731904872,tcn,5,0.9999,2,0.9345119595527648,0.0,41.678,True,,False,0.15654038598999284,0.0
0.9345119595527648,219,0,132120,4677,0.9658653004028727,0.5341192575668209,0.9505562713405895,0.0,0.9552696078431373,0.20784871731904872,tcn,5,0.9999,3,0.9345119595527648,0.0,46.786,True,,False,0.15654038598999284,0.0
0.9345119595527648,219,0,132120,4677,0.9658653004028727,0.5341192575668209,0.9505562713405895,0.0,0.9552696078431373,0.20784871731904872,tcn,5,0.9999,5,0.9345119595527648,0.0,113.47,True,,False,0.15654038598999284,0.0
0.5,472,1,132119,4424,0.9677045016640392,0.5796768638581616,0.9546677728208799,7.568876778686043e-06,0.9035947712418301,0.3050746963467908,tcn,5,default,1,0.5,0.0,31.439,True,,False,0.33738384560400286,0.0
0.5,472,1,132119,4424,0.9677045016640392,0.5796768638581616,0.9546677728208799,7.568876778686043e-06,0.9035947712418301,0.3050746963467908,tcn,5,default,2,0.5,0.0,36.564,True,,False,0.33738384560400286,0.0
0.5,472,1,132119,4424,0.9677045016640392,0.5796768638581616,0.9546677728208799,7.568876778686043e-06,0.9035947712418301,0.3050746963467908,tcn,5,default,3,0.5,0.0,41.678,True,,False,0.33738384560400286,0.0
0.5,472,1,132119,4424,0.9677045016640392,0.5796768638581616,0.9546677728208799,7.568876778686043e-06,0.9035947712418301,0.3050746963467908,tcn,5,default,5,0.5,0.005301158833320965,98.067,True,,False,0.33738384560400286,0.0
2.7227586625294207e-28,1078,9170,122946,3818,0.905205383470061,0.5460983254616416,0.9209760613712414,0.06940870144418541,0.7798202614379085,0.10638951014146965,tcn,7,0.9,1,2.7227586625294207e-28,3.027053339401184,5.746,True,5.055,True,0.501072194424589,0.10780669144981413
2.7227586625294207e-28,1078,9170,122946,3818,0.905205383470061,0.5460983254616416,0.9209760613712414,0.06940870144418541,0.7798202614379085,0.10638951014146965,tcn,7,0.9,2,2.7227586625294207e-28,2.3219778680520466,10.884,True,10.284,True,0.501072194424589,0.10780669144981413
2.7227586625294207e-28,1078,9170,122946,3818,0.905205383470061,0.5460983254616416,0.9209760613712414,0.06940870144418541,0.7798202614379085,0.10638951014146965,tcn,7,0.9,3,2.7227586625294207e-28,2.0887198173801513,16.022,True,15.418,True,0.501072194424589,0.10780669144981413
2.7227586625294207e-28,1078,9170,122946,3818,0.905205383470061,0.5460983254616416,0.9209760613712414,0.06940870144418541,0.7798202614379085,0.10638951014146965,tcn,7,0.9,5,2.7227586625294207e-28,1.7229287833719524,26.295,True,25.662,True,0.501072194424589,0.10780669144981413
5.382694765238553e-25,750,213,131903,4146,0.96818526844364,0.6198807336836825,0.9577403549821797,0.0016122195646250264,0.8468137254901961,0.3367925385026484,tcn,7,0.95,1,5.382694765238553e-25,0.7103767906825896,5.746,True,10.284,True,0.501072194424589,0.014012010294538175
5.382694765238553e-25,750,213,131903,4146,0.96818526844364,0.6198807336836825,0.9577403549821797,0.0016122195646250264,0.8468137254901961,0.3367925385026484,tcn,7,0.95,2,5.382694765238553e-25,0.20145013467118214,10.884,True,15.418,True,0.501072194424589,0.014012010294538175
5.382694765238553e-25,750,213,131903,4146,0.96818526844364,0.6198807336836825,0.9577403549821797,0.0016122195646250264,0.8468137254901961,0.3367925385026484,tcn,7,0.95,3,5.382694765238553e-25,0.0954237480021389,16.022,True,20.552,True,0.501072194424589,0.014012010294538175
5.382694765238553e-25,750,213,131903,4146,0.96818526844364,0.6198807336836825,0.9577403549821797,0.0016122195646250264,0.8468137254901961,0.3367925385026484,tcn,7,0.95,5,5.382694765238553e-25,0.03180791600071297,26.295,True,,False,0.501072194424589,0.014012010294538175
5.581083959436639e-18,700,6,132110,4196,0.9693311534756079,0.6171281458045897,0.9581011816154636,4.541463562324018e-05,0.8570261437908496,0.37055888757396,tcn,7,0.99,1,5.581083959436639e-18,0.010602638666904323,10.884,True,,False,0.5003573981415297,0.0
5.581083959436639e-18,700,6,132110,4196,0.9693311534756079,0.6171281458045897,0.9581011816154636,4.541463562324018e-05,0.8570261437908496,0.37055888757396,tcn,7,0.99,2,5.581083959436639e-18,0.005301319333452161,16.022,True,,False,0.5003573981415297,0.0
5.581083959436639e-18,700,6,132110,4196,0.9693311534756079,0.6171281458045897,0.9581011816154636,4.541463562324018e-05,0.8570261437908496,0.37055888757396,tcn,7,0.99,3,5.581083959436639e-18,0.005301319333452161,21.162,True,,False,0.5003573981415297,0.0
5.581083959436639e-18,700,6,132110,4196,0.9693311534756079,0.6171281458045897,0.9581011816154636,4.541463562324018e-05,0.8570261437908496,0.37055888757396,tcn,7,0.99,5,5.581083959436639e-18,0.0,31.439,True,,False,0.5003573981415297,0.0
3.718782746680942e-16,700,6,132110,4196,0.9693311534756079,0.6171281458045897,0.9581011816154636,4.541463562324018e-05,0.8570261437908496,0.37055888757396,tcn,7,0.995,1,3.718782746680942e-16,0.010602638666904323,10.884,True,,False,0.5003573981415297,0.0
3.718782746680942e-16,700,6,132110,4196,0.9693311534756079,0.6171281458045897,0.9581011816154636,4.541463562324018e-05,0.8570261437908496,0.37055888757396,tcn,7,0.995,2,3.718782746680942e-16,0.005301319333452161,16.022,True,,False,0.5003573981415297,0.0
3.718782746680942e-16,700,6,132110,4196,0.9693311534756079,0.6171281458045897,0.9581011816154636,4.541463562324018e-05,0.8570261437908496,0.37055888757396,tcn,7,0.995,3,3.718782746680942e-16,0.005301319333452161,21.162,True,,False,0.5003573981415297,0.0
3.718782746680942e-16,700,6,132110,4196,0.9693311534756079,0.6171281458045897,0.9581011816154636,4.541463562324018e-05,0.8570261437908496,0.37055888757396,tcn,7,0.995,5,3.718782746680942e-16,0.0,31.439,True,,False,0.5003573981415297,0.0
6.072660413804569e-14,698,5,132111,4198,0.9693238548448311,0.6168361162565402,0.9580770140611895,3.7845529686033487e-05,0.8574346405228758,0.37030296918294825,tcn,7,0.999,1,6.072660413804569e-14,0.005301319333452161,16.022,True,,False,0.498927805575411,0.0
6.072660413804569e-14,698,5,132111,4198,0.9693238548448311,0.6168361162565402,0.9580770140611895,3.7845529686033487e-05,0.8574346405228758,0.37030296918294825,tcn,7,0.999,2,6.072660413804569e-14,0.005301319333452161,21.162,True,,False,0.498927805575411,0.0
6.072660413804569e-14,698,5,132111,4198,0.9693238548448311,0.6168361162565402,0.9580770140611895,3.7845529686033487e-05,0.8574346405228758,0.37030296918294825,tcn,7,0.999,3,6.072660413804569e-14,0.005301319333452161,26.295,True,,False,0.498927805575411,0.0
6.072660413804569e-14,698,5,132111,4198,0.9693238548448311,0.6168361162565402,0.9580770140611895,3.7845529686033487e-05,0.8574346405228758,0.37030296918294825,tcn,7,0.999,5,6.072660413804569e-14,0.0,36.564,True,,False,0.498927805575411,0.0
0.941439926624298,142,1,132115,4754,0.965295010656001,0.5193414116512759,0.9492340174523194,7.569105937206697e-06,0.9709967320261438,0.16669072199935242,tcn,7,0.9999,1,0.941439926624298,0.005301319333452161,36.564,True,,False,0.10150107219442459,0.0
0.941439926624298,142,1,132115,4754,0.965295010656001,0.5193414116512759,0.9492340174523194,7.569105937206697e-06,0.9709967320261438,0.16669072199935242,tcn,7,0.9999,2,0.941439926624298,0.0,41.678,True,,False,0.10150107219442459,0.0
0.941439926624298,142,1,132115,4754,0.965295010656001,0.5193414116512759,0.9492340174523194,7.569105937206697e-06,0.9709967320261438,0.16669072199935242,tcn,7,0.9999,3,0.941439926624298,0.0,103.2,True,,False,0.10150107219442459,0.0
0.941439926624298,142,1,132115,4754,0.965295010656001,0.5193414116512759,0.9492340174523194,7.569105937206697e-06,0.9709967320261438,0.16669072199935242,tcn,7,0.9999,5,0.941439926624298,0.0,113.47,True,,False,0.10150107219442459,0.0
0.5,239,1,132115,4657,0.9660029778413569,0.5378726690314539,0.9508874547907723,7.569105937206697e-06,0.9511846405228758,0.21666229533421216,tcn,7,default,1,0.5,0.005301319333452161,36.564,True,,False,0.1708363116511794,0.0
0.5,239,1,132115,4657,0.9660029778413569,0.5378726690314539,0.9508874547907723,7.569105937206697e-06,0.9511846405228758,0.21666229533421216,tcn,7,default,2,0.5,0.0,41.678,True,,False,0.1708363116511794,0.0
0.5,239,1,132115,4657,0.9660029778413569,0.5378726690314539,0.9508874547907723,7.569105937206697e-06,0.9511846405228758,0.21666229533421216,tcn,7,default,3,0.5,0.0,103.2,True,,False,0.1708363116511794,0.0
0.5,239,1,132115,4657,0.9660029778413569,0.5378726690314539,0.9508874547907723,7.569105937206697e-06,0.9511846405228758,0.21666229533421216,tcn,7,default,5,0.5,0.0,113.47,True,,False,0.1708363116511794,0.0
1.3582791780208936e-06,1777,9564,122560,3119,0.9074368705298497,0.584843159532067,0.9246505220154123,0.07238654597196573,0.6370506535947712,0.1957467410684893,transformer,3,0.9,1,1.3582791780208936e-06,17.270652601193998,5.746,True,10.284,True,0.501072194424589,0.3076923076923077
1.3582791780208936e-06,1777,9564,122560,3119,0.9074368705298497,0.584843159532067,0.9246505220154123,0.07238654597196573,0.6370506535947712,0.1957467410684893,transformer,3,0.9,2,1.3582791780208936e-06,9.949973889638162,10.884,True,15.418,True,0.501072194424589,0.3076923076923077
1.3582791780208936e-06,1777,9564,122560,3119,0.9074368705298497,0.584843159532067,0.9246505220154123,0.07238654597196573,0.6370506535947712,0.1957467410684893,transformer,3,0.9,3,1.3582791780208936e-06,6.917802837494833,16.022,True,20.552,True,0.501072194424589,0.3076923076923077
1.3582791780208936e-06,1777,9564,122560,3119,0.9074368705298497,0.584843159532067,0.9246505220154123,0.07238654597196573,0.6370506535947712,0.1957467410684893,transformer,3,0.9,5,1.3582791780208936e-06,3.0427730488291447,26.295,True,30.806,True,0.501072194424589,0.3076923076923077
2.3442569272447145e-06,995,10,132114,3901,0.971456721646475,0.6613226295995998,0.9622533891610655,7.56864763404075e-05,0.7967728758169934,0.4419315705038145,transformer,3,0.95,1,2.3442569272447145e-06,0.010601996685815835,10.884,True,10.284,True,0.5003573981415297,0.08435802116099514
2.3442569272447145e-06,995,10,132114,3901,0.971456721646475,0.6613226295995998,0.9622533891610655,7.56864763404075e-05,0.7967728758169934,0.4419315705038145,transformer,3,0.95,2,2.3442569272447145e-06,0.010601996685815835,16.022,True,15.418,True,0.5003573981415297,0.08435802116099514
2.3442569272447145e-06,995,10,132114,3901,0.971456721646475,0.6613226295995998,0.9622533891610655,7.56864763404075e-05,0.7967728758169934,0.4419315705038145,transformer,3,0.95,3,2.3442569272447145e-06,0.010601996685815835,21.162,True,20.552,True,0.5003573981415297,0.08435802116099514
2.3442569272447145e-06,995,10,132114,3901,0.971456721646475,0.6613226295995998,0.9622533891610655,7.56864763404075e-05,0.7967728758169934,0.4419315705038145,transformer,3,0.95,5,2.3442569272447145e-06,0.005300998342907918,31.439,True,51.313,True,0.5003573981415297,0.08435802116099514
2.760608140306431e-06,891,9,132115,4005,0.9707050065683842,0.6462447140690765,0.9608246239491435,6.811782870636675e-05,0.8180147058823529,0.4180257575529672,transformer,3,0.99,1,2.760608140306431e-06,0.010601996685815835,10.884,True,10.284,True,0.5003573981415297,0.05461824420932228
2.760608140306431e-06,891,9,132115,4005,0.9707050065683842,0.6462447140690765,0.9608246239491435,6.811782870636675e-05,0.8180147058823529,0.4180257575529672,transformer,3,0.99,2,2.760608140306431e-06,0.010601996685815835,16.022,True,35.943,True,0.5003573981415297,0.05461824420932228
2.760608140306431e-06,891,9,132115,4005,0.9707050065683842,0.6462447140690765,0.9608246239491435,6.811782870636675e-05,0.8180147058823529,0.4180257575529672,transformer,3,0.99,3,2.760608140306431e-06,0.010601996685815835,21.162,True,56.454,True,0.5003573981415297,0.05461824420932228
2.760608140306431e-06,891,9,132115,4005,0.9707050065683842,0.6462447140690765,0.9608246239491435,6.811782870636675e-05,0.8180147058823529,0.4180257575529672,transformer,3,0.99,5,2.760608140306431e-06,0.0,31.439,True,210.255,True,0.5003573981415297,0.05461824420932228
3.012585921169375e-06,851,9,132115,4045,0.9704130783827178,0.6402902998594967,0.960262728445799,6.811782870636675e-05,0.8261846405228758,0.4083715540802704,transformer,3,0.995,1,3.012585921169375e-06,0.010601996685815835,10.884,True,30.806,True,0.5003573981415297,0.04317986845867887
3.012585921169375e-06,851,9,132115,4045,0.9704130783827178,0.6402902998594967,0.960262728445799,6.811782870636675e-05,0.8261846405228758,0.4083715540802704,transformer,3,0.995,2,3.012585921169375e-06,0.010601996685815835,16.022,True,35.943,True,0.5003573981415297,0.04317986845867887
3.012585921169375e-06,851,9,132115,4045,0.9704130783827178,0.6402902998594967,0.960262728445799,6.811782870636675e-05,0.8261846405228758,0.4083715540802704,transformer,3,0.995,3,3.012585921169375e-06,0.010601996685815835,21.162,True,56.454,True,0.5003573981415297,0.04317986845867887
3.012585921169375e-06,851,9,132115,4045,0.9704130783827178,0.6402902998594967,0.960262728445799,6.811782870636675e-05,0.8261846405228758,0.4083715540802704,transformer,3,0.995,5,3.012585921169375e-06,0.0,31.439,True,307.587,True,0.5003573981415297,0.04317986845867887
4.0146487663150765e-06,786,9,132115,4110,0.96993869508101,0.6304381025085168,0.9593371376935343,6.811782870636675e-05,0.8394607843137255,0.39218990657207115,transformer,3,0.999,1,4.0146487663150765e-06,0.010601996685815835,10.884,True,46.182,True,0.5003573981415297,0.02459250786388333
4.0146487663150765e-06,786,9,132115,4110,0.96993869508101,0.6304381025085168,0.9593371376935343,6.811782870636675e-05,0.8394607843137255,0.39218990657207115,transformer,3,0.999,2,4.0146487663150765e-06,0.010601996685815835,16.022,True,51.313,True,0.5003573981415297,0.02459250786388333
4.0146487663150765e-06,786,9,132115,4110,0.96993869508101,0.6304381025085168,0.9593371376935343,6.811782870636675e-05,0.8394607843137255,0.39218990657207115,transformer,3,0.999,3,4.0146487663150765e-06,0.010601996685815835,21.162,True,56.454,True,0.5003573981415297,0.02459250786388333
4.0146487663150765e-06,786,9,132115,4110,0.96993869508101,0.6304381025085168,0.9593371376935343,6.811782870636675e-05,0.8394607843137255,0.39218990657207115,transformer,3,0.999,5,4.0146487663150765e-06,0.0,31.439,True,461.35,True,0.5003573981415297,0.02459250786388333
0.967179238796234,613,3,132121,4283,0.9687198949058532,0.6032313555158577,0.9568248698990917,2.270594290212225e-05,0.8747957516339869,0.34733452200933823,transformer,3,0.9999,1,0.967179238796234,0.005300998342907918,10.884,True,,False,0.4381701215153681,0.0
0.967179238796234,613,3,132121,4283,0.9687198949058532,0.6032313555158577,0.9568248698990917,2.270594290212225e-05,0.8747957516339869,0.34733452200933823,transformer,3,0.9999,2,0.967179238796234,0.005300998342907918,16.022,True,,False,0.4381701215153681,0.0
0.967179238796234,613,3,132121,4283,0.9687198949058532,0.6032313555158577,0.9568248698990917,2.270594290212225e-05,0.8747957516339869,0.34733452200933823,transformer,3,0.9999,3,0.967179238796234,0.005300998342907918,21.162,True,,False,0.4381701215153681,0.0
0.967179238796234,613,3,132121,4283,0.9687198949058532,0.6032313555158577,0.9568248698990917,2.270594290212225e-05,0.8747957516339869,0.34733452200933823,transformer,3,0.9999,5,0.967179238796234,0.0,31.439,True,,False,0.4381701215153681,0.0
0.5,700,6,132118,4196,0.9693329440957524,0.6171286123392696,0.9581036136382834,4.54118858042445e-05,0.8570261437908496,0.3705592395571182,transformer,3,default,1,0.5,0.005300998342907918,10.884,True,,False,0.5003573981415297,0.0
0.5,700,6,132118,4196,0.9693329440957524,0.6171286123392696,0.9581036136382834,4.54118858042445e-05,0.8570261437908496,0.3705592395571182,transformer,3,default,2,0.5,0.005300998342907918,16.022,True,,False,0.5003573981415297,0.0
0.5,700,6,132118,4196,0.9693329440957524,0.6171286123392696,0.9581036136382834,4.54118858042445e-05,0.8570261437908496,0.3705592395571182,transformer,3,default,3,0.5,0.005300998342907918,21.162,True,,False,0.5003573981415297,0.0
0.5,700,6,132118,4196,0.9693329440957524,0.6171286123392696,0.9581036136382834,4.54118858042445e-05,0.8570261437908496,0.3705592395571182,transformer,3,default,5,0.5,0.0,31.439,True,,False,0.5003573981415297,0.0
5.836855507368455e-06,1632,12302,119818,3264,0.8863928300344486,0.556172797221397,0.9116456404905462,0.0931123221313957,0.6666666666666666,0.14753015627496444,transformer,5,0.9,1,5.836855507368455e-06,17.297681273126308,16.022,True,0.239,True,0.4996426018584703,0.2668001143837575
5.836855507368455e-06,1632,12302,119818,3264,0.8863928300344486,0.556172797221397,0.9116456404905462,0.0931123221313957,0.6666666666666666,0.14753015627496444,transformer,5,0.9,2,5.836855507368455e-06,9.202811734645195,21.162,True,10.694,True,0.4996426018584703,0.2668001143837575
5.836855507368455e-06,1632,12302,119818,3264,0.8863928300344486,0.556172797221397,0.9116456404905462,0.0931123221313957,0.6666666666666666,0.14753015627496444,transformer,5,0.9,3,5.836855507368455e-06,6.43030566481833,26.295,True,15.953,True,0.4996426018584703,0.2668001143837575
5.836855507368455e-06,1632,12302,119818,3264,0.8863928300344486,0.556172797221397,0.9116456404905462,0.0931123221313957,0.6666666666666666,0.14753015627496444,transformer,5,0.9,5,5.836855507368455e-06,4.134903889990352,36.564,True,41.051,True,0.4996426018584703,0.2668001143837575
6.953358024475165e-06,895,2806,129314,4001,0.9503196706953932,0.5912837352966611,0.9469786701985704,0.021238268240993036,0.8171977124183006,0.18499099354874457,transformer,5,0.95,1,6.953358024475165e-06,10.310753930809277,16.022,True,15.953,True,0.4996426018584703,0.0560480411781527
6.953358024475165e-06,895,2806,129314,4001,0.9503196706953932,0.5912837352966611,0.9469786701985704,0.021238268240993036,0.8171977124183006,0.18499099354874457,transformer,5,0.95,2,6.953358024475165e-06,2.9739501054930613,21.162,True,273.287,True,0.4996426018584703,0.0560480411781527
6.953358024475165e-06,895,2806,129314,4001,0.9503196706953932,0.5912837352966611,0.9469786701985704,0.021238268240993036,0.8171977124183006,0.18499099354874457,transformer,5,0.95,3,6.953358024475165e-06,0.9754132253310575,26.295,True,1127.126,True,0.4996426018584703,0.0560480411781527
6.953358024475165e-06,895,2806,129314,4001,0.9503196706953932,0.5912837352966611,0.9469786701985704,0.021238268240993036,0.8171977124183006,0.18499099354874457,transformer,5,0.95,5,6.953358024475165e-06,0.11662549433306123,36.564,True,1405.143,True,0.4996426018584703,0.0560480411781527
7.586601441289531e-06,811,1095,131025,4085,0.9621941962982425,0.6095376127457356,0.9540964250538142,0.008287920072661216,0.8343545751633987,0.24939471860187787,transformer,5,0.99,1,7.586601441289531e-06,4.680923249822412,16.022,True,15.953,True,0.4996426018584703,0.032027452101801544
7.586601441289531e-06,811,1095,131025,4085,0.9621941962982425,0.6095376127457356,0.9540964250538142,0.008287920072661216,0.8343545751633987,0.24939471860187787,transformer,5,0.99,2,7.586601441289531e-06,0.8693900486646382,21.162,True,777.283,True,0.4996426018584703,0.032027452101801544
7.586601441289531e-06,811,1095,131025,4085,0.9621941962982425,0.6095376127457356,0.9540964250538142,0.008287920072661216,0.8343545751633987,0.24939471860187787,transformer,5,0.99,3,7.586601441289531e-06,0.16963708266627087,26.295,True,1127.126,True,0.4996426018584703,0.032027452101801544
7.586601441289531e-06,811,1095,131025,4085,0.9621941962982425,0.6095376127457356,0.9540964250538142,0.008287920072661216,0.8343545751633987,0.24939471860187787,transformer,5,0.99,5,7.586601441289531e-06,0.01060231766664193,36.564,True,,False,0.4996426018584703,0.032027452101801544
7.796294994477648e-06,797,695,131425,4099,0.9650113855316167,0.6158092581920823,0.9559116209982566,0.0052603693611868,0.8372140522875817,0.2817497585860445,transformer,5,0.995,1,7.796294994477648e-06,3.1011779174927643,16.022,True,15.953,True,0.4996426018584703,0.02802402058907635
7.796294994477648e-06,797,695,131425,4099,0.9650113855316167,0.6158092581920823,0.9559116209982566,0.0052603693611868,0.8372140522875817,0.2817497585860445,transformer,5,0.995,2,7.796294994477648e-06,0.4771042949988868,21.162,True,777.283,True,0.4996426018584703,0.02802402058907635
7.796294994477648e-06,797,695,131425,4099,0.9650113855316167,0.6158092581920823,0.9559116209982566,0.0052603693611868,0.8372140522875817,0.2817497585860445,transformer,5,0.995,3,7.796294994477648e-06,0.07421622366649351,26.295,True,1127.126,True,0.4996426018584703,0.02802402058907635
7.796294994477648e-06,797,695,131425,4099,0.9650113855316167,0.6158092581920823,0.9559116209982566,0.0052603693611868,0.8372140522875817,0.2817497585860445,transformer,5,0.995,5,7.796294994477648e-06,0.005301158833320965,36.564,True,,False,0.4996426018584703,0.02802402058907635
8.253889973275363e-06,770,227,131893,4126,0.9682299877386582,0.6225464403769798,0.9579509356184109,0.0017181350287617317,0.8427287581699346,0.3397318848657047,transformer,5,0.999,1,8.253889973275363e-06,1.060231766664193,16.022,True,15.953,True,0.4996426018584703,0.02030311695739205
8.253889973275363e-06,770,227,131893,4126,0.9682299877386582,0.6225464403769798,0.9579509356184109,0.0017181350287617317,0.8427287581699346,0.3397318848657047,transformer,5,0.999,2,8.253889973275363e-06,0.10602317666641929,21.162,True,777.283,True,0.4996426018584703,0.02030311695739205
8.253889973275363e-06,770,227,131893,4126,0.9682299877386582,0.6225464403769798,0.9579509356184109,0.0017181350287617317,0.8427287581699346,0.3397318848657047,transformer,5,0.999,3,8.253889973275363e-06,0.02120463533328386,26.295,True,1127.126,True,0.4996426018584703,0.02030311695739205
8.253889973275363e-06,770,227,131893,4126,0.9682299877386582,0.6225464403769798,0.9579509356184109,0.0017181350287617317,0.8427287581699346,0.3397318848657047,transformer,5,0.999,5,8.253889973275363e-06,0.0,36.564,True,,False,0.4996426018584703,0.02030311695739205
0.9518028497695924,127,1,132119,4769,0.9651865475564898,0.5164127550867712,0.9489753117051076,7.568876778686043e-06,0.9740604575163399,0.15756250762050886,transformer,5,0.9999,1,0.9518028497695924,0.005301158833320965,31.439,True,,False,0.09077912794853467,0.0
0.9518028497695924,127,1,132119,4769,0.9651865475564898,0.5164127550867712,0.9489753117051076,7.568876778686043e-06,0.9740604575163399,0.15756250762050886,transformer,5,0.9999,2,0.9518028497695924,0.0,62.162,True,,False,0.09077912794853467,0.0
0.9518028497695924,127,1,132119,4769,0.9651865475564898,0.5164127550867712,0.9489753117051076,7.568876778686043e-06,0.9740604575163399,0.15756250762050886,transformer,5,0.9999,3,0.9518028497695924,0.0,82.677,True,,False,0.09077912794853467,0.0
0.9518028497695924,127,1,132119,4769,0.9651865475564898,0.5164127550867712,0.9489753117051076,7.568876778686043e-06,0.9740604575163399,0.15756250762050886,transformer,5,0.9999,5,0.9518028497695924,0.0,1169.193,True,,False,0.09077912794853467,0.0
0.5,416,1,132119,4480,0.9672957902726689,0.5699608071503911,0.9537830882886238,7.568876778686043e-06,0.9150326797385621,0.2863033518330628,transformer,5,default,1,0.5,0.0,21.162,True,,False,0.29735525375268046,0.0
0.5,416,1,132119,4480,0.9672957902726689,0.5699608071503911,0.9537830882886238,7.568876778686043e-06,0.9150326797385621,0.2863033518330628,transformer,5,default,2,0.5,0.0,36.564,True,,False,0.29735525375268046,0.0
0.5,416,1,132119,4480,0.9672957902726689,0.5699608071503911,0.9537830882886238,7.568876778686043e-06,0.9150326797385621,0.2863033518330628,transformer,5,default,3,0.5,0.005301158833320965,41.678,True,,False,0.29735525375268046,0.0
0.5,416,1,132119,4480,0.9672957902726689,0.5699608071503911,0.9537830882886238,7.568876778686043e-06,0.9150326797385621,0.2863033518330628,transformer,5,default,5,0.5,0.0,51.92,True,,False,0.29735525375268046,0.0
2.8708891477435827e-06,1295,3227,128889,3601,0.9501649490555572,0.6246004527272672,0.9492106634180916,0.024425504859366013,0.735498366013072,0.24945405258515518,transformer,7,0.9,1,2.8708891477435827e-06,7.0454533941579225,5.746,True,10.284,True,0.501072194424589,0.16985987989705462
2.8708891477435827e-06,1295,3227,128889,3601,0.9501649490555572,0.6246004527272672,0.9492106634180916,0.024425504859366013,0.735498366013072,0.24945405258515518,transformer,7,0.9,2,2.8708891477435827e-06,1.7388327413723088,10.884,True,30.806,True,0.501072194424589,0.16985987989705462
2.8708891477435827e-06,1295,3227,128889,3601,0.9501649490555572,0.6246004527272672,0.9492106634180916,0.024425504859366013,0.735498366013072,0.24945405258515518,transformer,7,0.9,3,2.8708891477435827e-06,1.1556876146925712,16.022,True,35.943,True,0.501072194424589,0.16985987989705462
2.8708891477435827e-06,1295,3227,128889,3601,0.9501649490555572,0.6246004527272672,0.9492106634180916,0.024425504859366013,0.735498366013072,0.24945405258515518,transformer,7,0.9,5,2.8708891477435827e-06,0.657363597348068,26.295,True,46.182,True,0.501072194424589,0.16985987989705462
3.1749686968396418e-06,1115,1095,131021,3781,0.9644118763320001,0.6477757625062358,0.9578649531588134,0.008288171001241334,0.7722630718954249,0.3233606979120151,transformer,7,0.95,1,3.1749686968396418e-06,3.329228541407957,10.884,True,10.284,True,0.5003573981415297,0.11867314841292537
3.1749686968396418e-06,1115,1095,131021,3781,0.9644118763320001,0.6477757625062358,0.9578649531588134,0.008288171001241334,0.7722630718954249,0.3233606979120151,transformer,7,0.95,2,3.1749686968396418e-06,0.9118269253537717,16.022,True,35.943,True,0.5003573981415297,0.11867314841292537
3.1749686968396418e-06,1115,1095,131021,3781,0.9644118763320001,0.6477757625062358,0.9578649531588134,0.008288171001241334,0.7722630718954249,0.3233606979120151,transformer,7,0.95,3,3.1749686968396418e-06,0.5407345720121205,21.162,True,41.051,True,0.5003573981415297,0.11867314841292537
3.1749686968396418e-06,1115,1095,131021,3781,0.9644118763320001,0.6477757625062358,0.9578649531588134,0.008288171001241334,0.7722630718954249,0.3233606979120151,transformer,7,0.95,5,3.1749686968396418e-06,0.21205277333808645,31.439,True,51.313,True,0.5003573981415297,0.11867314841292537
7.0094092734507285e-06,701,5,132111,4195,0.9693457507371617,0.6173103789574671,0.9581211239373981,3.7845529686033487e-05,0.8568218954248366,0.37110804941963954,transformer,7,0.99,1,7.0094092734507285e-06,0.005301319333452161,10.884,True,3098.118,True,0.5003573981415297,0.00028595939376608524
7.0094092734507285e-06,701,5,132111,4195,0.9693457507371617,0.6173103789574671,0.9581211239373981,3.7845529686033487e-05,0.8568218954248366,0.37110804941963954,transformer,7,0.99,2,7.0094092734507285e-06,0.005301319333452161,16.022,True,,False,0.5003573981415297,0.00028595939376608524
7.0094092734507285e-06,701,5,132111,4195,0.9693457507371617,0.6173103789574671,0.9581211239373981,3.7845529686033487e-05,0.8568218954248366,0.37110804941963954,transformer,7,0.99,3,7.0094092734507285e-06,0.005301319333452161,21.162,True,,False,0.5003573981415297,0.00028595939376608524
7.0094092734507285e-06,701,5,132111,4195,0.9693457507371617,0.6173103789574671,0.9581211239373981,3.7845529686033487e-05,0.8568218954248366,0.37110804941963954,transformer,7,0.99,5,7.0094092734507285e-06,0.0,31.439,True,,False,0.5003573981415297,0.00028595939376608524
8.989969501271844e-06,700,5,132111,4196,0.9693384521063848,0.6171523471718646,0.9581064246065517,3.7845529686033487e-05,0.8570261437908496,0.3708398795636874,transformer,7,0.995,1,8.989969501271844e-06,0.005301319333452161,10.884,True,,False,0.5003573981415297,0.0
8.989969501271844e-06,700,5,132111,4196,0.9693384521063848,0.6171523471718646,0.9581064246065517,3.7845529686033487e-05,0.8570261437908496,0.3708398795636874,transformer,7,0.995,2,8.989969501271844e-06,0.005301319333452161,16.022,True,,False,0.5003573981415297,0.0
8.989969501271844e-06,700,5,132111,4196,0.9693384521063848,0.6171523471718646,0.9581064246065517,3.7845529686033487e-05,0.8570261437908496,0.3708398795636874,transformer,7,0.995,3,8.989969501271844e-06,0.005301319333452161,21.162,True,,False,0.5003573981415297,0.0
8.989969501271844e-06,700,5,132111,4196,0.9693384521063848,0.6171523471718646,0.9581064246065517,3.7845529686033487e-05,0.8570261437908496,0.3708398795636874,transformer,7,0.995,5,8.989969501271844e-06,0.0,31.439,True,,False,0.5003573981415297,0.0
2.798307832563296e-05,700,3,132113,4196,0.9693530493679385,0.6172007737714043,0.9581169122157825,2.270731781162009e-05,0.8570261437908496,0.3714036217743762,transformer,7,0.999,1,2.798307832563296e-05,0.005301319333452161,10.884,True,,False,0.5003573981415297,0.0
2.798307832563296e-05,700,3,132113,4196,0.9693530493679385,0.6172007737714043,0.9581169122157825,2.270731781162009e-05,0.8570261437908496,0.3714036217743762,transformer,7,0.999,2,2.798307832563296e-05,0.0,16.022,True,,False,0.5003573981415297,0.0
2.798307832563296e-05,700,3,132113,4196,0.9693530493679385,0.6172007737714043,0.9581169122157825,2.270731781162009e-05,0.8570261437908496,0.3714036217743762,transformer,7,0.999,3,2.798307832563296e-05,0.0,21.162,True,,False,0.5003573981415297,0.0
2.798307832563296e-05,700,3,132113,4196,0.9693530493679385,0.6172007737714043,0.9581169122157825,2.270731781162009e-05,0.8570261437908496,0.3714036217743762,transformer,7,0.999,5,2.798307832563296e-05,0.0,31.439,True,,False,0.5003573981415297,0.0
0.9647254347801208,697,1,132115,4199,0.9693457507371617,0.6167745147031486,0.9580832596866908,7.569105937206697e-06,0.8576388888888888,0.3711664798709085,transformer,7,0.9999,1,0.9647254347801208,0.0,10.884,True,,False,0.4982130092923517,0.0
0.9647254347801208,697,1,132115,4199,0.9693457507371617,0.6167745147031486,0.9580832596866908,7.569105937206697e-06,0.8576388888888888,0.3711664798709085,transformer,7,0.9999,2,0.9647254347801208,0.0,16.022,True,,False,0.4982130092923517,0.0
0.9647254347801208,697,1,132115,4199,0.9693457507371617,0.6167745147031486,0.9580832596866908,7.569105937206697e-06,0.8576388888888888,0.3711664798709085,transformer,7,0.9999,3,0.9647254347801208,0.0,21.162,True,,False,0.4982130092923517,0.0
0.9647254347801208,697,1,132115,4199,0.9693457507371617,0.6167745147031486,0.9580832596866908,7.569105937206697e-06,0.8576388888888888,0.3711664798709085,transformer,7,0.9999,5,0.9647254347801208,0.0,31.439,True,,False,0.4982130092923517,0.0
0.5,700,1,132115,4196,0.9693676466294923,0.6172492322194082,0.9581274019964573,7.569105937206697e-06,0.8570261437908496,0.3719697221580739,transformer,7,default,1,0.5,0.0,10.884,True,,False,0.5003573981415297,0.0
0.5,700,1,132115,4196,0.9693676466294923,0.6172492322194082,0.9581274019964573,7.569105937206697e-06,0.8570261437908496,0.3719697221580739,transformer,7,default,2,0.5,0.0,16.022,True,,False,0.5003573981415297,0.0
0.5,700,1,132115,4196,0.9693676466294923,0.6172492322194082,0.9581274019964573,7.569105937206697e-06,0.8570261437908496,0.3719697221580739,transformer,7,default,3,0.5,0.0,21.162,True,,False,0.5003573981415297,0.0
0.5,700,1,132115,4196,0.9693676466294923,0.6172492322194082,0.9581274019964573,7.569105937206697e-06,0.8570261437908496,0.3719697221580739,transformer,7,default,5,0.5,0.0,31.439,True,,False,0.5003573981415297,0.0
0.0114694153890013,3068,70044,62080,1828,0.4754634359947453,0.35601229009117763,0.6135451713868312,0.5301383548787503,0.37336601307189543,0.03590436670759637,ae,3,0.9,1,0.0114694153890013,5.93181714571396,5.746,True,10.284,True,0.9992852037169406,0.4775521875893623
0.0114694153890013,3068,70044,62080,1828,0.4754634359947453,0.35601229009117763,0.6135451713868312,0.5301383548787503,0.37336601307189543,0.03590436670759637,ae,3,0.9,2,0.0114694153890013,5.444125298166432,10.884,True,15.418,True,0.9992852037169406,0.4775521875893623
0.0114694153890013,3068,70044,62080,1828,0.4754634359947453,0.35601229009117763,0.6135451713868312,0.5301383548787503,0.37336601307189543,0.03590436670759637,ae,3,0.9,3,0.0114694153890013,5.200279374392667,16.022,True,117.966,True,0.9992852037169406,0.4775521875893623
0.0114694153890013,3068,70044,62080,1828,0.4754634359947453,0.35601229009117763,0.6135451713868312,0.5301383548787503,0.37336601307189543,0.03590436670759637,ae,3,0.9,5,0.0114694153890013,3.366133947746528,26.295,True,543.33,True,0.9992852037169406,0.4775521875893623
0.0192799996584653,2832,60435,71689,2064,0.5438695081010072,0.3897602349185974,0.6745100004972843,0.4574112197632527,0.4215686274509804,0.04505995898574834,ae,3,0.95,1,0.0192799996584653,26.0438048587066,5.746,True,10.284,True,0.9992852037169406,0.4100657706605662
0.0192799996584653,2832,60435,71689,2064,0.5438695081010072,0.3897602349185974,0.6745100004972843,0.4574112197632527,0.4215686274509804,0.04505995898574834,ae,3,0.95,2,0.0192799996584653,14.28619053413684,10.884,True,15.418,True,0.9992852037169406,0.4100657706605662
0.0192799996584653,2832,60435,71689,2064,0.5438695081010072,0.3897602349185974,0.6745100004972843,0.4574112197632527,0.4215686274509804,0.04505995898574834,ae,3,0.95,3,0.0192799996584653,11.953751263257354,16.022,True,2020.308,True,0.9992852037169406,0.4100657706605662
0.0192799996584653,2832,60435,71689,2064,0.5438695081010072,0.3897602349185974,0.6745100004972843,0.4574112197632527,0.4215686274509804,0.04505995898574834,ae,3,0.95,5,0.0192799996584653,6.085546097658289,26.295,True,,False,0.9992852037169406,0.4100657706605662
0.0697904378175735,2390,33427,98697,2506,0.7377536126112976,0.48170223243249055,0.8199632622370663,0.2529971844630801,0.5118464052287581,0.0993406703864005,ae,3,0.99,1,0.0697904378175735,18.913962087495452,31.439,True,82.872,True,0.7190850607576841,0.39576780097226194
0.0697904378175735,2390,33427,98697,2506,0.7377536126112976,0.48170223243249055,0.8199632622370663,0.2529971844630801,0.5118464052287581,0.0993406703864005,ae,3,0.99,2,0.0697904378175735,12.923833960009503,92.9,True,88.005,True,0.7190850607576841,0.39576780097226194
0.0697904378175735,2390,33427,98697,2506,0.7377536126112976,0.48170223243249055,0.8199632622370663,0.2529971844630801,0.5118464052287581,0.0993406703864005,ae,3,0.99,3,0.0697904378175735,11.3812434422233,174.943,True,93.154,True,0.7190850607576841,0.39576780097226194
0.0697904378175735,2390,33427,98697,2506,0.7377536126112976,0.48170223243249055,0.8199632622370663,0.2529971844630801,0.5118464052287581,0.0993406703864005,ae,3,0.99,5,0.0697904378175735,7.543320641957967,728.633,True,103.471,True,0.7190850607576841,0.39576780097226194
0.1095049977302551,2059,23453,108671,2837,0.8081301999708072,0.513758119538593,0.8650541373342422,0.1775074929611577,0.579452614379085,0.11589477578375071,ae,3,0.995,1,0.1095049977302551,24.342184390633157,221.073,True,57.097,True,0.511794138670479,0.3840434658278524
0.1095049977302551,2059,23453,108671,2837,0.8081301999708072,0.513758119538593,0.8650541373342422,0.1775074929611577,0.579452614379085,0.11589477578375071,ae,3,0.995,2,0.1095049977302551,10.787531627817613,431.243,True,62.245,True,0.511794138670479,0.3840434658278524
0.1095049977302551,2059,23453,108671,2837,0.8081301999708072,0.513758119538593,0.8650541373342422,0.1775074929611577,0.579452614379085,0.11589477578375071,ae,3,0.995,3,0.1095049977302551,7.686447597216481,436.39,True,67.415,True,0.511794138670479,0.3840434658278524
0.1095049977302551,2059,23453,108671,2837,0.8081301999708072,0.513758119538593,0.8650541373342422,0.1775074929611577,0.579452614379085,0.11589477578375071,ae,3,0.995,5,0.1095049977302551,3.344929954374896,,False,103.471,True,0.511794138670479,0.3840434658278524
0.2247723340988159,1738,13168,118956,3158,0.880849511020289,0.555661202132676,0.9086194351954584,0.09966395204504859,0.6450163398692811,0.15220629458399526,ae,3,0.999,1,0.2247723340988159,10.522481710672217,426.11,True,0.239,True,0.5025017869907077,0.2959679725478982
0.2247723340988159,1738,13168,118956,3158,0.880849511020289,0.555661202132676,0.9086194351954584,0.09966395204504859,0.6450163398692811,0.15220629458399526,ae,3,0.999,2,0.2247723340988159,7.591029627044138,2168.859,True,5.538,True,0.5025017869907077,0.2959679725478982
0.2247723340988159,1738,13168,118956,3158,0.880849511020289,0.555661202132676,0.9086194351954584,0.09966395204504859,0.6450163398692811,0.15220629458399526,ae,3,0.999,3,0.2247723340988159,5.587252253424945,,False,129.202,True,0.5025017869907077,0.2959679725478982
0.2247723340988159,1738,13168,118956,3158,0.880849511020289,0.555661202132676,0.9086194351954584,0.09966395204504859,0.6450163398692811,0.15220629458399526,ae,3,0.999,5,0.2247723340988159,3.2071039974592903,,False,417.34,True,0.5025017869907077,0.2959679725478982
1.2849663496017456,885,404,131720,4011,0.9677784265070792,0.6348467171461436,0.958599807057659,0.0030577336441524627,0.8192401960784313,0.3416945608168539,ae,3,0.9999,1,1.2849663496017456,1.3040455923553478,,False,26.254,True,0.4982130092923517,0.05376036602802402
1.2849663496017456,885,404,131720,4011,0.9677784265070792,0.6348467171461436,0.958599807057659,0.0030577336441524627,0.8192401960784313,0.3416945608168539,ae,3,0.9999,2,1.2849663496017456,0.5884108160627789,,False,31.405,True,0.4982130092923517,0.05376036602802402
1.2849663496017456,885,404,131720,4011,0.9677784265070792,0.6348467171461436,0.958599807057659,0.0030577336441524627,0.8192401960784313,0.3416945608168539,ae,3,0.9999,3,1.2849663496017456,0.11132096520106627,,False,936.799,True,0.4982130092923517,0.05376036602802402
1.2849663496017456,885,404,131720,4011,0.9677784265070792,0.6348467171461436,0.958599807057659,0.0030577336441524627,0.8192401960784313,0.3416945608168539,ae,3,0.9999,5,1.2849663496017456,0.02120399337163167,,False,947.094,True,0.4982130092923517,0.05376036602802402
0.10950499773025513,2059,23453,108671,2837,0.8081301999708072,0.513758119538593,0.8650541373342422,0.1775074929611577,0.579452614379085,0.11589477578375071,ae,3,default,1,0.10950499773025513,24.342184390633157,221.073,True,57.097,True,0.511794138670479,0.3840434658278524
0.10950499773025513,2059,23453,108671,2837,0.8081301999708072,0.513758119538593,0.8650541373342422,0.1775074929611577,0.579452614379085,0.11589477578375071,ae,3,default,2,0.10950499773025513,10.787531627817613,431.243,True,62.245,True,0.511794138670479,0.3840434658278524
0.10950499773025513,2059,23453,108671,2837,0.8081301999708072,0.513758119538593,0.8650541373342422,0.1775074929611577,0.579452614379085,0.11589477578375071,ae,3,default,3,0.10950499773025513,7.686447597216481,436.39,True,67.415,True,0.511794138670479,0.3840434658278524
0.10950499773025513,2059,23453,108671,2837,0.8081301999708072,0.513758119538593,0.8650541373342422,0.1775074929611577,0.579452614379085,0.11589477578375071,ae,3,default,5,0.10950499773025513,3.344929954374896,,False,103.471,True,0.511794138670479,0.3840434658278524
0.0223538987338542,2795,62818,69302,2101,0.5261940211362177,0.3801522127811357,0.6595216479709194,0.47546170148349987,0.429125816993464,0.0354533273938944,ae,5,0.9,1,0.0223538987338542,18.95164282912245,16.022,True,10.284,True,0.997855611150822,0.4000571918787532
0.0223538987338542,2795,62818,69302,2101,0.5261940211362177,0.3801522127811357,0.6595216479709194,0.47546170148349987,0.429125816993464,0.0354533273938944,ae,5,0.9,2,0.0223538987338542,11.59363436847295,21.162,True,,False,0.997855611150822,0.4000571918787532
0.0223538987338542,2795,62818,69302,2101,0.5261940211362177,0.3801522127811357,0.6595216479709194,0.47546170148349987,0.429125816993464,0.0354533273938944,ae,5,0.9,3,0.0223538987338542,9.621603282477551,26.295,True,,False,0.997855611150822,0.4000571918787532
0.0223538987338542,2795,62818,69302,2101,0.5261940211362177,0.3801522127811357,0.6595216479709194,0.47546170148349987,0.429125816993464,0.0354533273938944,ae,5,0.9,5,0.0223538987338542,6.806687941984118,36.564,True,,False,0.997855611150822,0.4000571918787532
0.0344268642365932,2790,52690,79430,2106,0.6000759035441117,0.41797624391769167,0.720265480560589,0.3988041174689676,0.43014705882352944,0.06468180813439739,ae,5,0.95,1,0.0344268642365932,28.928423753432504,16.022,True,,False,0.9949964260185847,0.39977123248498714
0.0344268642365932,2790,52690,79430,2106,0.6000759035441117,0.41797624391769167,0.720265480560589,0.3988041174689676,0.43014705882352944,0.06468180813439739,ae,5,0.95,2,0.0344268642365932,13.714097901801335,21.162,True,,False,0.9949964260185847,0.39977123248498714
0.0344268642365932,2790,52690,79430,2106,0.6000759035441117,0.41797624391769167,0.720265480560589,0.3988041174689676,0.43014705882352944,0.06468180813439739,ae,5,0.95,3,0.0344268642365932,12.123750251805046,26.295,True,,False,0.9949964260185847,0.39977123248498714
0.0344268642365932,2790,52690,79430,2106,0.6000759035441117,0.41797624391769167,0.720265480560589,0.3988041174689676,0.43014705882352944,0.06468180813439739,ae,5,0.95,5,0.0344268642365932,6.271270899818701,36.564,True,,False,0.9949964260185847,0.39977123248498714
0.0909821987152099,2191,28590,103530,2705,0.7715960179833012,0.4957642360823521,0.8420516735009802,0.21639418710263397,0.5524918300653595,0.10279122350627493,ae,5,0.99,1,0.0909821987152099,18.99935325862234,41.678,True,26.254,True,0.5918513223731237,0.38976265370317414
0.0909821987152099,2191,28590,103530,2705,0.7715960179833012,0.4957642360823521,0.8420516735009802,0.21639418710263397,0.5524918300653595,0.10279122350627493,ae,5,0.99,2,0.0909821987152099,12.982537982803043,426.11,True,31.405,True,0.5918513223731237,0.38976265370317414
0.0909821987152099,2191,28590,103530,2705,0.7715960179833012,0.4957642360823521,0.8420516735009802,0.21639418710263397,0.5524918300653595,0.10279122350627493,ae,5,0.99,3,0.0909821987152099,11.307371791473617,431.243,True,36.54,True,0.5918513223731237,0.38976265370317414
0.0909821987152099,2191,28590,103530,2705,0.7715960179833012,0.4957642360823521,0.8420516735009802,0.21639418710263397,0.5524918300653595,0.10279122350627493,ae,5,0.99,5,0.0909821987152099,7.946437091148126,441.513,True,46.823,True,0.5918513223731237,0.38976265370317414
0.1228384971618652,2018,18124,113996,2878,0.8467186314007124,0.5384237848154894,0.8886935124580477,0.13717832273690583,0.5878267973856209,0.1441515594697729,ae,5,0.995,1,0.1228384971618652,13.385426054135436,426.11,True,0.239,True,0.511794138670479,0.37231913068344297
0.1228384971618652,2018,18124,113996,2878,0.8467186314007124,0.5384237848154894,0.8886935124580477,0.13717832273690583,0.5878267973856209,0.1441515594697729,ae,5,0.995,2,0.1228384971618652,7.8192092791484225,431.243,True,5.538,True,0.511794138670479,0.37231913068344297
0.1228384971618652,2018,18124,113996,2878,0.8467186314007124,0.5384237848154894,0.8886935124580477,0.13717832273690583,0.5878267973856209,0.1441515594697729,ae,5,0.995,3,0.1228384971618652,6.159946564318961,436.39,True,10.694,True,0.511794138670479,0.37231913068344297
0.1228384971618652,2018,18124,113996,2878,0.8467186314007124,0.5384237848154894,0.8886935124580477,0.13717832273690583,0.5878267973856209,0.1441515594697729,ae,5,0.995,5,0.1228384971618652,4.61730934382256,446.661,True,77.706,True,0.511794138670479,0.37231913068344297
0.2713058888912201,1563,7932,124188,3333,0.917783324575232,0.5869161324953427,0.9301923620176411,0.06003633060853769,0.6807598039215687,0.18945589430852167,ae,5,0.999,1,0.2713058888912201,10.517499125308793,,False,62.245,True,0.4982130092923517,0.2476408350014298
0.2713058888912201,1563,7932,124188,3333,0.917783324575232,0.5869161324953427,0.9301923620176411,0.06003633060853769,0.6807598039215687,0.18945589430852167,ae,5,0.999,2,0.2713058888912201,7.373911937149462,,False,67.415,True,0.4982130092923517,0.2476408350014298
0.2713058888912201,1563,7932,124188,3333,0.917783324575232,0.5869161324953427,0.9301923620176411,0.06003633060853769,0.6807598039215687,0.18945589430852167,ae,5,0.999,3,0.2713058888912201,5.078510162321484,,False,88.005,True,0.4982130092923517,0.2476408350014298
0.2713058888912201,1563,7932,124188,3333,0.917783324575232,0.5869161324953427,0.9301923620176411,0.06003633060853769,0.6807598039215687,0.18945589430852167,ae,5,0.999,5,0.2713058888912201,3.705510024491354,,False,98.311,True,0.4982130092923517,0.2476408350014298
3.4243571758270264,3,36,132084,4893,0.9640260991417061,0.49144949517249026,0.9466480919682406,0.00027247956403269756,0.9993872549019608,0.003744267078810344,ae,5,0.9999,1,3.4243571758270264,0.047710429499888685,,False,2887.142,True,0.0,0.0008578781812982557
3.4243571758270264,3,36,132084,4893,0.9640260991417061,0.49144949517249026,0.9466480919682406,0.00027247956403269756,0.9993872549019608,0.003744267078810344,ae,5,0.9999,2,3.4243571758270264,0.037108111833246755,,False,2902.572,True,0.0,0.0008578781812982557
3.4243571758270264,3,36,132084,4893,0.9640260991417061,0.49144949517249026,0.9466480919682406,0.00027247956403269756,0.9993872549019608,0.003744267078810344,ae,5,0.9999,3,3.4243571758270264,0.02120463533328386,,False,,False,0.0,0.0008578781812982557
3.4243571758270264,3,36,132084,4893,0.9640260991417061,0.49144949517249026,0.9466480919682406,0.00027247956403269756,0.9993872549019608,0.003744267078810344,ae,5,0.9999,5,3.4243571758270264,0.02120463533328386,,False,,False,0.0,0.0008578781812982557
0.12283849716186523,2018,18124,113996,2878,0.8467186314007124,0.5384237848154894,0.8886935124580477,0.13717832273690583,0.5878267973856209,0.1441515594697729,ae,5,default,1,0.12283849716186523,13.385426054135436,426.11,True,0.239,True,0.511794138670479,0.37231913068344297
0.12283849716186523,2018,18124,113996,2878,0.8467186314007124,0.5384237848154894,0.8886935124580477,0.13717832273690583,0.5878267973856209,0.1441515594697729,ae,5,default,2,0.12283849716186523,7.8192092791484225,431.243,True,5.538,True,0.511794138670479,0.37231913068344297
0.12283849716186523,2018,18124,113996,2878,0.8467186314007124,0.5384237848154894,0.8886935124580477,0.13717832273690583,0.5878267973856209,0.1441515594697729,ae,5,default,3,0.12283849716186523,6.159946564318961,436.39,True,10.694,True,0.511794138670479,0.37231913068344297
0.12283849716186523,2018,18124,113996,2878,0.8467186314007124,0.5384237848154894,0.8886935124580477,0.13717832273690583,0.5878267973856209,0.1441515594697729,ae,5,default,5,0.12283849716186523,4.61730934382256,446.661,True,77.706,True,0.511794138670479,0.37231913068344297
0.0276017934083938,2800,62859,69257,2096,0.5259174378886521,0.38006644184721733,0.6592719990705547,0.47578643010687577,0.42810457516339867,0.03571159080308738,ae,7,0.9,1,0.0276017934083938,16.306858269698846,10.884,True,20.552,True,0.9985704074338814,0.4012010294538176
0.0276017934083938,2800,62859,69257,2096,0.5259174378886521,0.38006644184721733,0.6592719990705547,0.47578643010687577,0.42810457516339867,0.03571159080308738,ae,7,0.9,2,0.0276017934083938,11.228194348251678,16.022,True,25.662,True,0.9985704074338814,0.4012010294538176
0.0276017934083938,2800,62859,69257,2096,0.5259174378886521,0.38006644184721733,0.6592719990705547,0.47578643010687577,0.42810457516339867,0.03571159080308738,ae,7,0.9,3,0.0276017934083938,9.600689312881864,21.162,True,,False,0.9985704074338814,0.4012010294538176
0.0276017934083938,2800,62859,69257,2096,0.5259174378886521,0.38006644184721733,0.6592719990705547,0.47578643010687577,0.42810457516339867,0.03571159080308738,ae,7,0.9,5,0.0276017934083938,7.135575822826609,31.439,True,,False,0.9985704074338814,0.4012010294538176
0.0450632460415363,2794,45363,86753,2102,0.653570490176043,0.4452633456470979,0.7609035382050416,0.3433573526295074,0.4293300653594771,0.08837943892523899,ae,7,0.95,1,0.0450632460415363,23.198573403186657,16.022,True,,False,0.997855611150822,0.39977123248498714
0.0450632460415363,2794,45363,86753,2102,0.653570490176043,0.4452633456470979,0.7609035382050416,0.3433573526295074,0.4293300653594771,0.08837943892523899,ae,7,0.95,2,0.0450632460415363,10.337572700231714,21.162,True,,False,0.997855611150822,0.39977123248498714
0.0450632460415363,2794,45363,86753,2102,0.653570490176043,0.4452633456470979,0.7609035382050416,0.3433573526295074,0.4293300653594771,0.08837943892523899,ae,7,0.95,3,0.0450632460415363,7.246903528829105,26.295,True,,False,0.997855611150822,0.39977123248498714
0.0450632460415363,2794,45363,86753,2102,0.653570490176043,0.4452633456470979,0.7609035382050416,0.3433573526295074,0.4293300653594771,0.08837943892523899,ae,7,0.95,5,0.0450632460415363,3.9229763067545993,36.564,True,,False,0.997855611150822,0.39977123248498714
0.1000487357378006,2742,33815,98301,2154,0.7374755495868975,0.48881812915402256,0.8198617464739019,0.25594931726664444,0.43995098039215685,0.12762723321258146,ae,7,0.99,1,0.1000487357378006,8.65705447152738,26.295,True,1574.88,True,0.9642601858470335,0.3983414355161567
0.1000487357378006,2742,33815,98301,2154,0.7374755495868975,0.48881812915402256,0.8198617464739019,0.25594931726664444,0.43995098039215685,0.12762723321258146,ae,7,0.99,2,0.1000487357378006,5.720123560794882,31.439,True,1580.016,True,0.9642601858470335,0.3983414355161567
0.1000487357378006,2742,33815,98301,2154,0.7374755495868975,0.48881812915402256,0.8198617464739019,0.25594931726664444,0.43995098039215685,0.12762723321258146,ae,7,0.99,3,0.1000487357378006,4.219850189427921,36.564,True,1585.124,True,0.9642601858470335,0.3983414355161567
0.1000487357378006,2742,33815,98301,2154,0.7374755495868975,0.48881812915402256,0.8198617464739019,0.25594931726664444,0.43995098039215685,0.12762723321258146,ae,7,0.99,5,0.1000487357378006,2.9104243140652364,46.786,True,1595.42,True,0.9642601858470335,0.3983414355161567
0.127599760890007,2563,25349,106767,2333,0.7979593028347882,0.5207410824981114,0.8591897216216771,0.19186926640225258,0.4765114379084967,0.1528376501283267,ae,7,0.995,1,0.127599760890007,21.380220871812565,36.564,True,242.465,True,0.8441744102930665,0.3951958821847298
0.127599760890007,2563,25349,106767,2333,0.7979593028347882,0.5207410824981114,0.8591897216216771,0.19186926640225258,0.4765114379084967,0.1528376501283267,ae,7,0.995,2,0.127599760890007,8.73127294219571,51.92,True,247.609,True,0.8441744102930665,0.3951958821847298
0.127599760890007,2563,25349,106767,2333,0.7979593028347882,0.5207410824981114,0.8591897216216771,0.19186926640225258,0.4765114379084967,0.1528376501283267,ae,7,0.995,3,0.127599760890007,6.2608581328070025,57.049,True,252.777,True,0.8441744102930665,0.3951958821847298
0.127599760890007,2563,25349,106767,2333,0.7979593028347882,0.5207410824981114,0.8591897216216771,0.19186926640225258,0.4765114379084967,0.1528376501283267,ae,7,0.995,5,0.127599760890007,4.097919844758521,67.301,True,263.011,True,0.8441744102930665,0.3951958821847298
0.3600499629974365,1593,6199,125917,3303,0.9306484103582168,0.6073720409639385,0.9381788016403975,0.04692088770474431,0.6746323529411765,0.2231779274927203,ae,7,0.999,1,0.3600499629974365,9.261404875540926,,False,31.405,True,0.4982130092923517,0.25621961681441235
0.3600499629974365,1593,6199,125917,3303,0.9306484103582168,0.6073720409639385,0.9381788016403975,0.04692088770474431,0.6746323529411765,0.2231779274927203,ae,7,0.999,2,0.3600499629974365,5.115773156781335,,False,335.007,True,0.4982130092923517,0.25621961681441235
0.3600499629974365,1593,6199,125917,3303,0.9306484103582168,0.6073720409639385,0.9381788016403975,0.04692088770474431,0.6746323529411765,0.2231779274927203,ae,7,0.999,3,0.3600499629974365,3.6314037434147304,,False,340.152,True,0.4982130092923517,0.25621961681441235
0.3600499629974365,1593,6199,125917,3303,0.9306484103582168,0.6073720409639385,0.9381788016403975,0.04692088770474431,0.6746323529411765,0.2231779274927203,ae,7,0.999,5,0.3600499629974365,2.300772590718238,,False,350.453,True,0.4982130092923517,0.25621961681441235
2.0110113620758057,706,125,131991,4190,0.9685064081978221,0.6152342500271547,0.9575679816984981,0.0009461382421508372,0.8558006535947712,0.3424869265167522,ae,7,0.9999,1,2.0110113620758057,0.18554617667082565,,False,2568.322,True,0.4982130092923517,0.002573634543894767
2.0110113620758057,706,125,131991,4190,0.9685064081978221,0.6152342500271547,0.9575679816984981,0.0009461382421508372,0.8558006535947712,0.3424869265167522,ae,7,0.9999,2,2.0110113620758057,0.07951979000178241,,False,2887.142,True,0.4982130092923517,0.002573634543894767
2.0110113620758057,706,125,131991,4190,0.9685064081978221,0.6152342500271547,0.9575679816984981,0.0009461382421508372,0.8558006535947712,0.3424869265167522,ae,7,0.9999,3,2.0110113620758057,0.0689171513348781,,False,2892.299,True,0.4982130092923517,0.002573634543894767
2.0110113620758057,706,125,131991,4190,0.9685064081978221,0.6152342500271547,0.9575679816984981,0.0009461382421508372,0.8558006535947712,0.3424869265167522,ae,7,0.9999,5,2.0110113620758057,0.05831451266797377,,False,2902.572,True,0.4982130092923517,0.002573634543894767
0.12759976089000702,2563,25349,106767,2333,0.7979593028347882,0.5207410824981114,0.8591897216216771,0.19186926640225258,0.4765114379084967,0.1528376501283267,ae,7,default,1,0.12759976089000702,21.380220871812565,36.564,True,242.465,True,0.8441744102930665,0.3951958821847298
0.12759976089000702,2563,25349,106767,2333,0.7979593028347882,0.5207410824981114,0.8591897216216771,0.19186926640225258,0.4765114379084967,0.1528376501283267,ae,7,default,2,0.12759976089000702,8.73127294219571,51.92,True,247.609,True,0.8441744102930665,0.3951958821847298
0.12759976089000702,2563,25349,106767,2333,0.7979593028347882,0.5207410824981114,0.8591897216216771,0.19186926640225258,0.4765114379084967,0.1528376501283267,ae,7,default,3,0.12759976089000702,6.2608581328070025,57.049,True,252.777,True,0.8441744102930665,0.3951958821847298
0.12759976089000702,2563,25349,106767,2333,0.7979593028347882,0.5207410824981114,0.8591897216216771,0.19186926640225258,0.4765114379084967,0.1528376501283267,ae,7,default,5,0.12759976089000702,4.097919844758521,67.301,True,263.011,True,0.8441744102930665,0.3951958821847298
